PlotID,PlotName,CropName,SamplingWeeks,Month,Day,Year,Height_mm,Chlorophyll_CI
1,VF_SHSS-1,SH,4,December,15,2018,185,28
1,VF_SHSS-1,SH,4,December,15,2018,270,25.4
1,VF_SHSS-1,SH,4,December,15,2018,140,21.2
1,VF_SHSS-1,SS,4,December,15,2018,245,21
1,VF_SHSS-1,SS,4,December,15,2018,145,20.3
1,VF_SHSS-1,SS,4,December,15,2018,280,16.5
2,VF_VB-1,VB,4,December,15,2018,230,24.1
2,VF_VB-1,VB,4,December,15,2018,175,24.6
2,VF_VB-1,VB,4,December,15,2018,215,23.9
3,VF_SH-1,SH,4,December,15,2018,110,26.1
3,VF_SH-1,SH,4,December,15,2018,250,23
3,VF_SH-1,SH,4,December,15,2018,160,19.2
4,VF_SHVB-1,SH,4,December,15,2018,110,26.1
4,VF_SHVB-1,SH,4,December,15,2018,205,27.5
4,VF_SHVB-1,SH,4,December,15,2018,280,23.9
4,VF_SHVB-1,VB,4,December,15,2018,160,28.4
4,VF_SHVB-1,VB,4,December,15,2018,245,33.5
4,VF_SHVB-1,VB,4,December,15,2018,180,36.3
5,VF_SSVB-1,SS,4,December,15,2018,155,12
5,VF_SSVB-1,SS,4,December,15,2018,165,15.6
5,VF_SSVB-1,SS,4,December,15,2018,130,22.9
5,VF_SSVB-1,VB,4,December,15,2018,165,26.5
5,VF_SSVB-1,VB,4,December,15,2018,230,28.2
5,VF_SSVB-1,VB,4,December,15,2018,210,31
6,VF_SS-1,SS,4,December,15,2018,135,11.8
6,VF_SS-1,SS,4,December,15,2018,182,7.9
6,VF_SS-1,SS,4,December,15,2018,240,16.9
7,VF_SS-2,SS,4,December,15,2018,170,17.1
7,VF_SS-2,SS,4,December,15,2018,205,20.5
7,VF_SS-2,SS,4,December,15,2018,220,19
8,VF_SHVB-2,SH,4,December,15,2018,210,24.5
8,VF_SHVB-2,SH,4,December,15,2018,230,26.2
8,VF_SHVB-2,SH,4,December,15,2018,155,28.8
8,VF_SHVB-2,VB,4,December,15,2018,240,20.3
8,VF_SHVB-2,VB,4,December,15,2018,230,25.9
8,VF_SHVB-2,VB,4,December,15,2018,190,22.7
9,VF_SSVB-2,SS,4,December,15,2018,115,12.5
9,VF_SSVB-2,SS,4,December,15,2018,140,8.6
9,VF_SSVB-2,SS,4,December,15,2018,185,14.8
9,VF_SSVB-2,VB,4,December,15,2018,160,26.5
9,VF_SSVB-2,VB,4,December,15,2018,210,18.6
9,VF_SSVB-2,VB,4,December,15,2018,225,20.7
10,VF_SH-2,SH,4,December,15,2018,150,29.3
10,VF_SH-2,SH,4,December,15,2018,260,25.6
10,VF_SH-2,SH,4,December,15,2018,205,25.5
11,VF_VB-2,VB,4,December,15,2018,265,31.6
11,VF_VB-2,VB,4,December,15,2018,170,25.8
11,VF_VB-2,VB,4,December,15,2018,250,21.2
12,VF_SHSS-2,SH,4,December,15,2018,125,27.7
12,VF_SHSS-2,SH,4,December,15,2018,250,29.3
12,VF_SHSS-2,SH,4,December,15,2018,100,27.1
12,VF_SHSS-2,SS,4,December,15,2018,220,9.3
12,VF_SHSS-2,SS,4,December,15,2018,115,7.7
12,VF_SHSS-2,SS,4,December,15,2018,170,9.9
13,VF_VB-3,VB,4,December,15,2018,275,25.1
13,VF_VB-3,VB,4,December,15,2018,220,22.1
13,VF_VB-3,VB,4,December,15,2018,165,26.4
14,VF_SSVB-3,SS,4,December,15,2018,220,19.2
14,VF_SSVB-3,SS,4,December,15,2018,160,19.3
14,VF_SSVB-3,SS,4,December,15,2018,130,21.4
14,VF_SSVB-3,VB,4,December,15,2018,210,24.3
14,VF_SSVB-3,VB,4,December,15,2018,240,21.9
14,VF_SSVB-3,VB,4,December,15,2018,195,27.6
15,VF_SHVB-3,SH,4,December,15,2018,195,25.9
15,VF_SHVB-3,SH,4,December,15,2018,140,28.5
15,VF_SHVB-3,SH,4,December,15,2018,220,24.7
15,VF_SHVB-3,VB,4,December,15,2018,265,27.9
15,VF_SHVB-3,VB,4,December,15,2018,290,28.2
15,VF_SHVB-3,VB,4,December,15,2018,210,24.8
16,VF_SHSS-3,SH,4,December,15,2018,200,30.3
16,VF_SHSS-3,SH,4,December,15,2018,70,27.4
16,VF_SHSS-3,SH,4,December,15,2018,145,22.6
16,VF_SHSS-3,SS,4,December,15,2018,130,5.2
16,VF_SHSS-3,SS,4,December,15,2018,80,7.2
16,VF_SHSS-3,SS,4,December,15,2018,160,3.6
17,VF_SS-3,SS,4,December,15,2018,185,11.8
17,VF_SS-3,SS,4,December,15,2018,110,9.1
17,VF_SS-3,SS,4,December,15,2018,150,4.4
18,VF_SH-3,SH,4,December,15,2018,305,27.4
18,VF_SH-3,SH,4,December,15,2018,190,27.2
18,VF_SH-3,SH,4,December,15,2018,120,26.7
19,VF_SH-4,SH,4,December,15,2018,270,28
19,VF_SH-4,SH,4,December,15,2018,220,29.9
19,VF_SH-4,SH,4,December,15,2018,120,25.4
20,VF_SS-4,SS,4,December,15,2018,220,4.9
20,VF_SS-4,SS,4,December,15,2018,150,8
20,VF_SS-4,SS,4,December,15,2018,170,3.3
21,VF_SHSS-4,SH,4,December,15,2018,120,26.7
21,VF_SHSS-4,SH,4,December,15,2018,160,19.4
21,VF_SHSS-4,SH,4,December,15,2018,230,25.1
21,VF_SHSS-4,SS,4,December,15,2018,170,5.3
21,VF_SHSS-4,SS,4,December,15,2018,120,14.2
21,VF_SHSS-4,SS,4,December,15,2018,210,11.5
22,VF_VB-4,VB,4,December,15,2018,200,26.9
22,VF_VB-4,VB,4,December,15,2018,185,32.7
22,VF_VB-4,VB,4,December,15,2018,115,20.5
23,VF_SHVB-4,SH,4,December,15,2018,200,29.3
23,VF_SHVB-4,SH,4,December,15,2018,270,25.6
23,VF_SHVB-4,SH,4,December,15,2018,155,31.3
23,VF_SHVB-4,VB,4,December,15,2018,190,28.6
23,VF_SHVB-4,VB,4,December,15,2018,210,32.6
23,VF_SHVB-4,VB,4,December,15,2018,145,24.7
24,VF_SSVB-4,SS,4,December,15,2018,155,12.5
24,VF_SSVB-4,SS,4,December,15,2018,200,13.8
24,VF_SSVB-4,SS,4,December,15,2018,85,5.8
24,VF_SSVB-4,VB,4,December,15,2018,220,30.3
24,VF_SSVB-4,VB,4,December,15,2018,180,33.7
24,VF_SSVB-4,VB,4,December,15,2018,240,26.2
25,VF_SHVB-5,SH,4,December,15,2018,210,26.6
25,VF_SHVB-5,SH,4,December,15,2018,145,26.4
25,VF_SHVB-5,SH,4,December,15,2018,255,27.8
25,VF_SHVB-5,VB,4,December,15,2018,220,24.4
25,VF_SHVB-5,VB,4,December,15,2018,200,23
25,VF_SHVB-5,VB,4,December,15,2018,255,29.5
26,VF_SHSS-5,SH,4,December,15,2018,255,24.3
26,VF_SHSS-5,SH,4,December,15,2018,105,30
26,VF_SHSS-5,SH,4,December,15,2018,200,20
26,VF_SHSS-5,SS,4,December,15,2018,120,8.9
26,VF_SHSS-5,SS,4,December,15,2018,190,14.2
26,VF_SHSS-5,SS,4,December,15,2018,170,19.5
27,VF_SS-5,SS,4,December,15,2018,150,12.1
27,VF_SS-5,SS,4,December,15,2018,255,12.8
27,VF_SS-5,SS,4,December,15,2018,190,9.7
28,VF_SSVB-5,SS,4,December,15,2018,150,5.8
28,VF_SSVB-5,SS,4,December,15,2018,110,11.6
28,VF_SSVB-5,SS,4,December,15,2018,190,10.9
28,VF_SSVB-5,VB,4,December,15,2018,190,18.7
28,VF_SSVB-5,VB,4,December,15,2018,210,24.3
28,VF_SSVB-5,VB,4,December,15,2018,220,26.9
29,VF_SH-5,SH,4,December,15,2018,260,29.6
29,VF_SH-5,SH,4,December,15,2018,130,23.4
29,VF_SH-5,SH,4,December,15,2018,170,29.2
30,VF_VB-5,VB,4,December,15,2018,150,26.1
30,VF_VB-5,VB,4,December,15,2018,135,19.6
30,VF_VB-5,VB,4,December,15,2018,210,20.9
31,VF_SSVB-6,SS,4,December,15,2018,200,9.9
31,VF_SSVB-6,SS,4,December,15,2018,165,11.9
31,VF_SSVB-6,SS,4,December,15,2018,145,5.9
31,VF_SSVB-6,VB,4,December,15,2018,240,26.7
31,VF_SSVB-6,VB,4,December,15,2018,210,19.3
31,VF_SSVB-6,VB,4,December,15,2018,160,17.6
32,VF_SH-6,SH,4,December,15,2018,250,27.8
32,VF_SH-6,SH,4,December,15,2018,200,29.5
32,VF_SH-6,SH,4,December,15,2018,145,24.7
33,VF_VB-6,VB,4,December,15,2018,260,34
33,VF_VB-6,VB,4,December,15,2018,200,22.8
33,VF_VB-6,VB,4,December,15,2018,170,21.5
34,VF_SS-6,SS,4,December,15,2018,160,10.2
34,VF_SS-6,SS,4,December,15,2018,190,16.5
34,VF_SS-6,SS,4,December,15,2018,120,11.7
35,VF_SHSS-6,SH,4,December,15,2018,260,25.8
35,VF_SHSS-6,SH,4,December,15,2018,180,26.1
35,VF_SHSS-6,SH,4,December,15,2018,210,29.1
35,VF_SHSS-6,SS,4,December,15,2018,95,8.1
35,VF_SHSS-6,SS,4,December,15,2018,155,4
35,VF_SHSS-6,SS,4,December,15,2018,135,2.8
36,VF_SHVB-6,SH,4,December,15,2018,190,19.1
36,VF_SHVB-6,SH,4,December,15,2018,220,29.3
36,VF_SHVB-6,SH,4,December,15,2018,140,26.6
36,VF_SHVB-6,VB,4,December,15,2018,230,25.8
36,VF_SHVB-6,VB,4,December,15,2018,200,24.2
36,VF_SHVB-6,VB,4,December,15,2018,150,23.7
37,FO_SS-1,SS,4,December,15,2018,250,12.4
37,FO_SS-1,SS,4,December,15,2018,270,18
37,FO_SS-1,SS,4,December,15,2018,165,13.4
38,FO_SHSS-1,SH,4,December,15,2018,255,25.4
38,FO_SHSS-1,SH,4,December,15,2018,165,21.8
38,FO_SHSS-1,SH,4,December,15,2018,135,26.2
38,FO_SHSS-1,SS,4,December,15,2018,165,17.5
38,FO_SHSS-1,SS,4,December,15,2018,265,15.9
38,FO_SHSS-1,SS,4,December,15,2018,120,10.3
39,FO_SHVB-1,SH,4,December,15,2018,225,23
39,FO_SHVB-1,SH,4,December,15,2018,265,25.9
39,FO_SHVB-1,SH,4,December,15,2018,175,29.1
39,FO_SHVB-1,VB,4,December,15,2018,250,29.2
39,FO_SHVB-1,VB,4,December,15,2018,215,30.3
39,FO_SHVB-1,VB,4,December,15,2018,175,24.9
40,FO_SSVB-1,SS,4,December,15,2018,285,17.9
40,FO_SSVB-1,SS,4,December,15,2018,230,23.2
40,FO_SSVB-1,SS,4,December,15,2018,180,23.5
40,FO_SSVB-1,VB,4,December,15,2018,290,26.5
40,FO_SSVB-1,VB,4,December,15,2018,130,27.5
40,FO_SSVB-1,VB,4,December,15,2018,180,25.4
41,FO_SH-1,SH,4,December,15,2018,255,27.3
41,FO_SH-1,SH,4,December,15,2018,210,23.3
41,FO_SH-1,SH,4,December,15,2018,315,27
42,FO_VB-1,VB,4,December,15,2018,270,27.4
42,FO_VB-1,VB,4,December,15,2018,300,22.8
42,FO_VB-1,VB,4,December,15,2018,225,25.4
43,FO_VB-2,VB,4,December,15,2018,150,20.9
43,FO_VB-2,VB,4,December,15,2018,220,28.2
43,FO_VB-2,VB,4,December,15,2018,235,32.4
44,FO_SSVB-2,SS,4,December,15,2018,220,20.3
44,FO_SSVB-2,SS,4,December,15,2018,200,16.8
44,FO_SSVB-2,SS,4,December,15,2018,130,13.9
44,FO_SSVB-2,VB,4,December,15,2018,225,24
44,FO_SSVB-2,VB,4,December,15,2018,190,25.3
44,FO_SSVB-2,VB,4,December,15,2018,240,30.9
45,FO_SS-2,SS,4,December,15,2018,200,12.2
45,FO_SS-2,SS,4,December,15,2018,130,14.6
45,FO_SS-2,SS,4,December,15,2018,95,17
46,FO_SH-2,SH,4,December,15,2018,170,26.4
46,FO_SH-2,SH,4,December,15,2018,275,25.6
46,FO_SH-2,SH,4,December,15,2018,190,30
47,FO_SHVB-2,SH,4,December,15,2018,240,23.6
47,FO_SHVB-2,SH,4,December,15,2018,150,25.3
47,FO_SHVB-2,SH,4,December,15,2018,290,28.1
47,FO_SHVB-2,VB,4,December,15,2018,260,22.6
47,FO_SHVB-2,VB,4,December,15,2018,240,26.6
47,FO_SHVB-2,VB,4,December,15,2018,210,24.9
48,FO_SHSS-2,SH,4,December,15,2018,285,28.6
48,FO_SHSS-2,SH,4,December,15,2018,175,26.3
48,FO_SHSS-2,SH,4,December,15,2018,330,27
48,FO_SHSS-2,SS,4,December,15,2018,225,10.3
48,FO_SHSS-2,SS,4,December,15,2018,120,16.1
48,FO_SHSS-2,SS,4,December,15,2018,280,18.8
49,FO_SH-3,SH,4,December,15,2018,270,18.9
49,FO_SH-3,SH,4,December,15,2018,190,24.1
49,FO_SH-3,SH,4,December,15,2018,230,25.5
50,FO_SHVB-3,SH,4,December,15,2018,210,27.1
50,FO_SHVB-3,SH,4,December,15,2018,180,26.2
50,FO_SHVB-3,SH,4,December,15,2018,130,27.5
50,FO_SHVB-3,VB,4,December,15,2018,220,23.1
50,FO_SHVB-3,VB,4,December,15,2018,190,23.1
50,FO_SHVB-3,VB,4,December,15,2018,245,27.3
51,FO_VB-3,VB,4,December,15,2018,220,24.7
51,FO_VB-3,VB,4,December,15,2018,175,24.3
51,FO_VB-3,VB,4,December,15,2018,165,24.6
52,FO_SHSS-3,SH,4,December,15,2018,245,28.4
52,FO_SHSS-3,SH,4,December,15,2018,180,30.3
52,FO_SHSS-3,SH,4,December,15,2018,115,21.7
52,FO_SHSS-3,SS,4,December,15,2018,200,12.9
52,FO_SHSS-3,SS,4,December,15,2018,160,7.1
52,FO_SHSS-3,SS,4,December,15,2018,130,14.7
53,FO_SS-3,SS,4,December,15,2018,250,22
53,FO_SS-3,SS,4,December,15,2018,140,22
53,FO_SS-3,SS,4,December,15,2018,205,18.4
54,FO_SSVB-3,SS,4,December,15,2018,275,21
54,FO_SSVB-3,SS,4,December,15,2018,135,24
54,FO_SSVB-3,SS,4,December,15,2018,160,15.5
54,FO_SSVB-3,VB,4,December,15,2018,230,24.8
54,FO_SSVB-3,VB,4,December,15,2018,175,19.2
54,FO_SSVB-3,VB,4,December,15,2018,200,23.3
55,FO_SHSS-4,SH,4,December,15,2018,150,31.7
55,FO_SHSS-4,SH,4,December,15,2018,185,25.7
55,FO_SHSS-4,SH,4,December,15,2018,250,30.2
55,FO_SHSS-4,SS,4,December,15,2018,305,23
55,FO_SHSS-4,SS,4,December,15,2018,205,22.6
55,FO_SHSS-4,SS,4,December,15,2018,225,20.6
56,FO_SH-4,SH,4,December,15,2018,225,23.7
56,FO_SH-4,SH,4,December,15,2018,265,28.6
56,FO_SH-4,SH,4,December,15,2018,170,23
57,FO_SSVB-4,SS,4,December,15,2018,180,20.1
57,FO_SSVB-4,SS,4,December,15,2018,130,21.5
57,FO_SSVB-4,SS,4,December,15,2018,280,18.5
57,FO_SSVB-4,VB,4,December,15,2018,215,27.4
57,FO_SSVB-4,VB,4,December,15,2018,180,26
57,FO_SSVB-4,VB,4,December,15,2018,245,33.2
58,FO_SS-4,SS,4,December,15,2018,180,8.5
58,FO_SS-4,SS,4,December,15,2018,210,7.2
58,FO_SS-4,SS,4,December,15,2018,140,17.5
59,FO_VB-4,VB,4,December,15,2018,210,33.4
59,FO_VB-4,VB,4,December,15,2018,180,27.7
59,FO_VB-4,VB,4,December,15,2018,230,27.1
60,FO_SHVB-4,SH,4,December,15,2018,260,32.1
60,FO_SHVB-4,SH,4,December,15,2018,205,27
60,FO_SHVB-4,SH,4,December,15,2018,175,28
60,FO_SHVB-4,VB,4,December,15,2018,230,29
60,FO_SHVB-4,VB,4,December,15,2018,195,21.2
60,FO_SHVB-4,VB,4,December,15,2018,245,29.2
61,FO_SHVB-5,SH,4,December,15,2018,240,28.8
61,FO_SHVB-5,SH,4,December,15,2018,150,29
61,FO_SHVB-5,SH,4,December,15,2018,115,25.4
61,FO_SHVB-5,VB,4,December,15,2018,270,15.9
61,FO_SHVB-5,VB,4,December,15,2018,170,22.3
61,FO_SHVB-5,VB,4,December,15,2018,210,19
62,FO_SS-5,SS,4,December,15,2018,145,4.6
62,FO_SS-5,SS,4,December,15,2018,170,10.2
62,FO_SS-5,SS,4,December,15,2018,95,10.3
63,FO_SHSS-5,SH,4,December,15,2018,240,27.1
63,FO_SHSS-5,SH,4,December,15,2018,185,24.5
63,FO_SHSS-5,SH,4,December,15,2018,145,28.2
63,FO_SHSS-5,SS,4,December,15,2018,120,4.1
63,FO_SHSS-5,SS,4,December,15,2018,80,8.3
63,FO_SHSS-5,SS,4,December,15,2018,90,7.5
64,FO_VB-5,VB,4,December,15,2018,200,19.2
64,FO_VB-5,VB,4,December,15,2018,170,22.6
64,FO_VB-5,VB,4,December,15,2018,250,21.1
65,FO_SSVB-5,SS,4,December,15,2018,155,3.4
65,FO_SSVB-5,SS,4,December,15,2018,100,6.8
65,FO_SSVB-5,SS,4,December,15,2018,120,10.5
65,FO_SSVB-5,VB,4,December,15,2018,240,16.2
65,FO_SSVB-5,VB,4,December,15,2018,180,22.9
65,FO_SSVB-5,VB,4,December,15,2018,160,22.9
66,FO_SH-5,SH,4,December,15,2018,205,25.6
66,FO_SH-5,SH,4,December,15,2018,220,19.3
66,FO_SH-5,SH,4,December,15,2018,105,26.7
67,FO_SSVB-6,SS,4,December,15,2018,195,20.5
67,FO_SSVB-6,SS,4,December,15,2018,120,25.1
67,FO_SSVB-6,SS,4,December,15,2018,225,11.1
67,FO_SSVB-6,VB,4,December,15,2018,215,32.8
67,FO_SSVB-6,VB,4,December,15,2018,225,31.5
67,FO_SSVB-6,VB,4,December,15,2018,250,29.8
68,FO_VB-6,VB,4,December,15,2018,225,29.9
68,FO_VB-6,VB,4,December,15,2018,240,30.8
68,FO_VB-6,VB,4,December,15,2018,275,27.7
69,FO_SH-6,SH,4,December,15,2018,260,16.3
69,FO_SH-6,SH,4,December,15,2018,175,26.2
69,FO_SH-6,SH,4,December,15,2018,240,30.6
70,FO_SHVB-6,SH,4,December,15,2018,210,23.7
70,FO_SHVB-6,SH,4,December,15,2018,125,21.1
70,FO_SHVB-6,SH,4,December,15,2018,190,29.9
70,FO_SHVB-6,VB,4,December,15,2018,220,19.6
70,FO_SHVB-6,VB,4,December,15,2018,200,25.3
70,FO_SHVB-6,VB,4,December,15,2018,220,27.6
71,FO_SHSS-6,SH,4,December,15,2018,200,21.1
71,FO_SHSS-6,SH,4,December,15,2018,135,29.5
71,FO_SHSS-6,SH,4,December,15,2018,260,19.5
71,FO_SHSS-6,SS,4,December,15,2018,190,18.7
71,FO_SHSS-6,SS,4,December,15,2018,160,11.1
71,FO_SHSS-6,SS,4,December,15,2018,110,19.1
72,FO_SS-6,SS,4,December,15,2018,175,16.7
72,FO_SS-6,SS,4,December,15,2018,200,22.3
72,FO_SS-6,SS,4,December,15,2018,120,16.1
73,HH_SH-1,SH,4,December,15,2018,155,26.5
73,HH_SH-1,SH,4,December,15,2018,205,26.9
73,HH_SH-1,SH,4,December,15,2018,308,28.4
74,HH_SSVB-1,SS,4,December,15,2018,155,18.4
74,HH_SSVB-1,SS,4,December,15,2018,290,22.4
74,HH_SSVB-1,SS,4,December,15,2018,410,28.5
74,HH_SSVB-1,VB,4,December,15,2018,223,33.7
74,HH_SSVB-1,VB,4,December,15,2018,205,35.3
74,HH_SSVB-1,VB,4,December,15,2018,165,34
75,HH_SHVB-1,SH,4,December,15,2018,140,27.1
75,HH_SHVB-1,SH,4,December,15,2018,203,22.7
75,HH_SHVB-1,SH,4,December,15,2018,275,25.8
75,HH_SHVB-1,VB,4,December,15,2018,190,35.6
75,HH_SHVB-1,VB,4,December,15,2018,265,33.1
75,HH_SHVB-1,VB,4,December,15,2018,300,33.7
76,HH_SHSS-1,SH,4,December,15,2018,110,28.4
76,HH_SHSS-1,SH,4,December,15,2018,205,25.5
76,HH_SHSS-1,SH,4,December,15,2018,260,25.9
76,HH_SHSS-1,SS,4,December,15,2018,200,22.2
76,HH_SHSS-1,SS,4,December,15,2018,310,24.9
76,HH_SHSS-1,SS,4,December,15,2018,410,26.1
77,HH_VB-1,VB,4,December,15,2018,225,39.2
77,HH_VB-1,VB,4,December,15,2018,260,27.2
77,HH_VB-1,VB,4,December,15,2018,365,35.5
78,HH_SS-1,SS,4,December,15,2018,155,24.6
78,HH_SS-1,SS,4,December,15,2018,270,30.9
78,HH_SS-1,SS,4,December,15,2018,410,24.9
79,HH_VB-2,VB,4,December,15,2018,135,26.1
79,HH_VB-2,VB,4,December,15,2018,255,25.4
79,HH_VB-2,VB,4,December,15,2018,302,25
80,HH_SHSS-2,SH,4,December,15,2018,205,19.7
80,HH_SHSS-2,SH,4,December,15,2018,160,26.3
80,HH_SHSS-2,SH,4,December,15,2018,290,24.2
80,HH_SHSS-2,SS,4,December,15,2018,210,14.7
80,HH_SHSS-2,SS,4,December,15,2018,260,21.2
80,HH_SHSS-2,SS,4,December,15,2018,295,14.1
81,HH_SS-2,SS,4,December,15,2018,270,22.8
81,HH_SS-2,SS,4,December,15,2018,240,30.7
81,HH_SS-2,SS,4,December,15,2018,350,23.1
82,HH_SH-2,SH,4,December,15,2018,205,28
82,HH_SH-2,SH,4,December,15,2018,312,25.2
82,HH_SH-2,SH,4,December,15,2018,170,26.1
83,HH_SHVB-2,SH,4,December,15,2018,170,27
83,HH_SHVB-2,SH,4,December,15,2018,190,22.3
83,HH_SHVB-2,SH,4,December,15,2018,283,25.8
83,HH_SHVB-2,VB,4,December,15,2018,220,29.6
83,HH_SHVB-2,VB,4,December,15,2018,250,27
83,HH_SHVB-2,VB,4,December,15,2018,470,26.7
84,HH_SSVB-2,SS,4,December,15,2018,205,20.4
84,HH_SSVB-2,SS,4,December,15,2018,240,22.5
84,HH_SSVB-2,SS,4,December,15,2018,410,30.4
84,HH_SSVB-2,VB,4,December,15,2018,240,25.3
84,HH_SSVB-2,VB,4,December,15,2018,225,28.7
84,HH_SSVB-2,VB,4,December,15,2018,305,29.5
85,HH_SHSS-3,SH,4,December,15,2018,145,16.8
85,HH_SHSS-3,SH,4,December,15,2018,200,21.4
85,HH_SHSS-3,SH,4,December,15,2018,225,25.5
85,HH_SHSS-3,SS,4,December,15,2018,150,19.8
85,HH_SHSS-3,SS,4,December,15,2018,280,14.6
85,HH_SHSS-3,SS,4,December,15,2018,345,19.1
86,HH_SHVB-3,SH,4,December,15,2018,150,27
86,HH_SHVB-3,SH,4,December,15,2018,290,30.4
86,HH_SHVB-3,SH,4,December,15,2018,185,22.9
86,HH_SHVB-3,VB,4,December,15,2018,193,30.2
86,HH_SHVB-3,VB,4,December,15,2018,260,26.9
86,HH_SHVB-3,VB,4,December,15,2018,150,26
87,HH_SSVB-3,SS,4,December,15,2018,200,31.4
87,HH_SSVB-3,SS,4,December,15,2018,285,21.4
87,HH_SSVB-3,SS,4,December,15,2018,250,31.2
87,HH_SSVB-3,VB,4,December,15,2018,140,29.3
87,HH_SSVB-3,VB,4,December,15,2018,240,25.5
87,HH_SSVB-3,VB,4,December,15,2018,180,29.2
88,HH_VB-3,VB,4,December,15,2018,210,25.6
88,HH_VB-3,VB,4,December,15,2018,185,27.8
88,HH_VB-3,VB,4,December,15,2018,340,29.5
89,HH_SS-3,SS,4,December,15,2018,235,31.5
89,HH_SS-3,SS,4,December,15,2018,215,33
89,HH_SS-3,SS,4,December,15,2018,350,34
90,HH_SH-3,SH,4,December,15,2018,165,27
90,HH_SH-3,SH,4,December,15,2018,250,27.3
90,HH_SH-3,SH,4,December,15,2018,200,26.6
91,HH_SS-4,SS,4,December,15,2018,285,26.3
91,HH_SS-4,SS,4,December,15,2018,120,29.3
91,HH_SS-4,SS,4,December,15,2018,270,21
92,HH_SH-4,SH,4,December,15,2018,285,28.7
92,HH_SH-4,SH,4,December,15,2018,160,27.5
92,HH_SH-4,SH,4,December,15,2018,255,28.5
93,HH_VB-4,VB,4,December,15,2018,220,31.8
93,HH_VB-4,VB,4,December,15,2018,320,29.6
93,HH_VB-4,VB,4,December,15,2018,185,28.8
94,HH_SHVB-4,SH,4,December,15,2018,230,26.8
94,HH_SHVB-4,SH,4,December,15,2018,135,30.3
94,HH_SHVB-4,SH,4,December,15,2018,305,28.7
94,HH_SHVB-4,VB,4,December,15,2018,275,27
94,HH_SHVB-4,VB,4,December,15,2018,215,29.7
94,HH_SHVB-4,VB,4,December,15,2018,190,24.2
95,HH_SSVB-4,SS,4,December,15,2018,335,28.4
95,HH_SSVB-4,SS,4,December,15,2018,310,33.7
95,HH_SSVB-4,SS,4,December,15,2018,180,30.7
95,HH_SSVB-4,VB,4,December,15,2018,370,31.1
95,HH_SSVB-4,VB,4,December,15,2018,287,26.4
95,HH_SSVB-4,VB,4,December,15,2018,205,27.6
96,HH_SHSS-4,SH,4,December,15,2018,205,26.2
96,HH_SHSS-4,SH,4,December,15,2018,270,32
96,HH_SHSS-4,SH,4,December,15,2018,145,27.6
96,HH_SHSS-4,SS,4,December,15,2018,220,27.4
96,HH_SHSS-4,SS,4,December,15,2018,185,15.5
96,HH_SHSS-4,SS,4,December,15,2018,395,23.9
97,HH_SSVB-5,SS,4,December,15,2018,270,26.8
97,HH_SSVB-5,SS,4,December,15,2018,155,32.8
97,HH_SSVB-5,SS,4,December,15,2018,330,24.9
97,HH_SSVB-5,VB,4,December,15,2018,235,31
97,HH_SSVB-5,VB,4,December,15,2018,160,28.9
97,HH_SSVB-5,VB,4,December,15,2018,230,25.8
98,HH_VB-5,VB,4,December,15,2018,265,28.1
98,HH_VB-5,VB,4,December,15,2018,290,28.4
98,HH_VB-5,VB,4,December,15,2018,220,26.6
99,HH_SHSS-5,SH,4,December,15,2018,170,30.1
99,HH_SHSS-5,SH,4,December,15,2018,255,25.8
99,HH_SHSS-5,SH,4,December,15,2018,135,28.9
99,HH_SHSS-5,SS,4,December,15,2018,325,15.9
99,HH_SHSS-5,SS,4,December,15,2018,215,15.7
99,HH_SHSS-5,SS,4,December,15,2018,255,25.1
100,HH_SS-5,SS,4,December,15,2018,345,16.1
100,HH_SS-5,SS,4,December,15,2018,320,32.5
100,HH_SS-5,SS,4,December,15,2018,250,22.1
101,HH_SH-5,SH,4,December,15,2018,150,23.6
101,HH_SH-5,SH,4,December,15,2018,255,25.9
101,HH_SH-5,SH,4,December,15,2018,270,27.8
102,HH_SHVB-5,SH,4,December,15,2018,265,28.1
102,HH_SHVB-5,SH,4,December,15,2018,150,28.7
102,HH_SHVB-5,SH,4,December,15,2018,135,20
102,HH_SHVB-5,VB,4,December,15,2018,360,31.3
102,HH_SHVB-5,VB,4,December,15,2018,220,26.5
102,HH_SHVB-5,VB,4,December,15,2018,200,30.2
103,HH_SHVB-6,SH,4,December,15,2018,210,28.1
103,HH_SHVB-6,SH,4,December,15,2018,260,24.4
103,HH_SHVB-6,SH,4,December,15,2018,155,27.4
103,HH_SHVB-6,VB,4,December,15,2018,270,32.4
103,HH_SHVB-6,VB,4,December,15,2018,325,29.7
103,HH_SHVB-6,VB,4,December,15,2018,215,29.4
104,HH_SS-6,SS,4,December,15,2018,230,21.8
104,HH_SS-6,SS,4,December,15,2018,290,24.4
104,HH_SS-6,SS,4,December,15,2018,185,20.8
105,HH_SH-6,SH,4,December,15,2018,145,36.6
105,HH_SH-6,SH,4,December,15,2018,185,25.1
105,HH_SH-6,SH,4,December,15,2018,270,27.7
106,HH_SSVB-6,SS,4,December,15,2018,170,18.7
106,HH_SSVB-6,SS,4,December,15,2018,340,20
106,HH_SSVB-6,SS,4,December,15,2018,295,20.1
106,HH_SSVB-6,VB,4,December,15,2018,290,34.4
106,HH_SSVB-6,VB,4,December,15,2018,270,37.6
106,HH_SSVB-6,VB,4,December,15,2018,150,36.1
107,HH_SHSS-6,SH,4,December,15,2018,230,30.4
107,HH_SHSS-6,SH,4,December,15,2018,165,27.5
107,HH_SHSS-6,SH,4,December,15,2018,225,27.9
107,HH_SHSS-6,SS,4,December,15,2018,300,17.8
107,HH_SHSS-6,SS,4,December,15,2018,320,13.2
107,HH_SHSS-6,SS,4,December,15,2018,235,24.8
108,HH_VB-6,VB,4,December,15,2018,460,29.7
108,HH_VB-6,VB,4,December,15,2018,215,41
108,HH_VB-6,VB,4,December,15,2018,410,35.2
109,OC_SHSS-1,SH,4,December,15,2018,215,24.7
109,OC_SHSS-1,SH,4,December,15,2018,290,27.5
109,OC_SHSS-1,SH,4,December,15,2018,165,28
109,OC_SHSS-1,SS,4,December,15,2018,550,30.7
109,OC_SHSS-1,SS,4,December,15,2018,420,26.6
109,OC_SHSS-1,SS,4,December,15,2018,320,32.3
110,OC_SS-1,SS,4,December,15,2018,180,31.3
110,OC_SS-1,SS,4,December,15,2018,545,30.8
110,OC_SS-1,SS,4,December,15,2018,305,33.4
111,OC_SH-1,SH,4,December,15,2018,195,27.2
111,OC_SH-1,SH,4,December,15,2018,430,26.2
111,OC_SH-1,SH,4,December,15,2018,330,26.4
112,OC_SSVB-1,SS,4,December,15,2018,705,37
112,OC_SSVB-1,SS,4,December,15,2018,550,40
112,OC_SSVB-1,SS,4,December,15,2018,250,28.9
112,OC_SSVB-1,VB,4,December,15,2018,530,30.1
112,OC_SSVB-1,VB,4,December,15,2018,350,35.6
112,OC_SSVB-1,VB,4,December,15,2018,240,35.7
113,OC_VB-1,VB,4,December,15,2018,270,32.9
113,OC_VB-1,VB,4,December,15,2018,260,39.5
113,OC_VB-1,VB,4,December,15,2018,235,32.2
114,OC_SHVB-1,SH,4,December,15,2018,455,27.6
114,OC_SHVB-1,SH,4,December,15,2018,230,38.4
114,OC_SHVB-1,SH,4,December,15,2018,340,32.1
114,OC_SHVB-1,VB,4,December,15,2018,265,37.1
114,OC_SHVB-1,VB,4,December,15,2018,195,36.6
114,OC_SHVB-1,VB,4,December,15,2018,210,36.3
115,OC_SHVB-2,SH,4,December,15,2018,295,22.3
115,OC_SHVB-2,SH,4,December,15,2018,180,24.1
115,OC_SHVB-2,SH,4,December,15,2018,215,21.1
115,OC_SHVB-2,VB,4,December,15,2018,315,29.5
115,OC_SHVB-2,VB,4,December,15,2018,290,28
115,OC_SHVB-2,VB,4,December,15,2018,215,25.6
116,OC_VB-2,VB,4,December,15,2018,220,28.2
116,OC_VB-2,VB,4,December,15,2018,270,25.7
116,OC_VB-2,VB,4,December,15,2018,200,25.8
117,OC_SHSS-2,SH,4,December,15,2018,290,27.7
117,OC_SHSS-2,SH,4,December,15,2018,200,19.7
117,OC_SHSS-2,SH,4,December,15,2018,340,26
117,OC_SHSS-2,SS,4,December,15,2018,520,28.5
117,OC_SHSS-2,SS,4,December,15,2018,540,38.1
117,OC_SHSS-2,SS,4,December,15,2018,390,30.5
118,OC_SS-2,SS,4,December,15,2018,630,34.1
118,OC_SS-2,SS,4,December,15,2018,710,22.1
118,OC_SS-2,SS,4,December,15,2018,350,28.3
119,OC_SSVB-2,SS,4,December,15,2018,590,38
119,OC_SSVB-2,SS,4,December,15,2018,620,33
119,OC_SSVB-2,SS,4,December,15,2018,430,30.2
119,OC_SSVB-2,VB,4,December,15,2018,360,35.4
119,OC_SSVB-2,VB,4,December,15,2018,240,21.2
119,OC_SSVB-2,VB,4,December,15,2018,280,26.8
120,OC_SH-2,SH,4,December,15,2018,245,23
120,OC_SH-2,SH,4,December,15,2018,200,26.8
120,OC_SH-2,SH,4,December,15,2018,410,30.7
121,OC_SSVB-3,SS,4,December,15,2018,570,32.6
121,OC_SSVB-3,SS,4,December,15,2018,390,37.5
121,OC_SSVB-3,SS,4,December,15,2018,260,30.3
121,OC_SSVB-3,VB,4,December,15,2018,315,34.9
121,OC_SSVB-3,VB,4,December,15,2018,220,35.7
121,OC_SSVB-3,VB,4,December,15,2018,265,39.2
122,OC_SH-3,SH,4,December,15,2018,150,27.1
122,OC_SH-3,SH,4,December,15,2018,345,26.4
122,OC_SH-3,SH,4,December,15,2018,230,23.8
123,OC_VB-3,VB,4,December,15,2018,315,28
123,OC_VB-3,VB,4,December,15,2018,220,32.4
123,OC_VB-3,VB,4,December,15,2018,265,31.7
124,OC_SHVB-3,SH,4,December,15,2018,320,27.6
124,OC_SHVB-3,SH,4,December,15,2018,265,24
124,OC_SHVB-3,SH,4,December,15,2018,240,27.3
124,OC_SHVB-3,VB,4,December,15,2018,295,34.4
124,OC_SHVB-3,VB,4,December,15,2018,260,35.9
124,OC_SHVB-3,VB,4,December,15,2018,420,34.8
125,OC_SHSS-3,SH,4,December,15,2018,290,34.2
125,OC_SHSS-3,SH,4,December,15,2018,430,23.3
125,OC_SHSS-3,SH,4,December,15,2018,220,28.4
125,OC_SHSS-3,SS,4,December,15,2018,520,32.6
125,OC_SHSS-3,SS,4,December,15,2018,600,23
125,OC_SHSS-3,SS,4,December,15,2018,410,35.3
126,OC_SS-3,SS,4,December,15,2018,770,29.1
126,OC_SS-3,SS,4,December,15,2018,630,34.7
126,OC_SS-3,SS,4,December,15,2018,355,32.5
127,OC_SH-4,SH,4,December,15,2018,190,25.8
127,OC_SH-4,SH,4,December,15,2018,325,27
127,OC_SH-4,SH,4,December,15,2018,265,24
128,OC_SSVB-4,SS,4,December,15,2018,480,37.5
128,OC_SSVB-4,SS,4,December,15,2018,290,26
128,OC_SSVB-4,SS,4,December,15,2018,525,33.6
128,OC_SSVB-4,VB,4,December,15,2018,270,32
128,OC_SSVB-4,VB,4,December,15,2018,250,34.3
128,OC_SSVB-4,VB,4,December,15,2018,295,33.1
129,OC_SS-4,SS,4,December,15,2018,300,28.9
129,OC_SS-4,SS,4,December,15,2018,470,33.2
129,OC_SS-4,SS,4,December,15,2018,560,31.4
130,OC_VB-4,VB,4,December,15,2018,285,32.5
130,OC_VB-4,VB,4,December,15,2018,240,26.2
130,OC_VB-4,VB,4,December,15,2018,200,31
131,OC_SHVB-4,SH,4,December,15,2018,325,24.6
131,OC_SHVB-4,SH,4,December,15,2018,350,24.7
131,OC_SHVB-4,SH,4,December,15,2018,200,23.3
131,OC_SHVB-4,VB,4,December,15,2018,285,28.7
131,OC_SHVB-4,VB,4,December,15,2018,310,30.1
131,OC_SHVB-4,VB,4,December,15,2018,160,39.7
132,OC_SHSS-4,SH,4,December,15,2018,330,26.2
132,OC_SHSS-4,SH,4,December,15,2018,350,23
132,OC_SHSS-4,SH,4,December,15,2018,270,24.3
132,OC_SHSS-4,SS,4,December,15,2018,630,26.8
132,OC_SHSS-4,SS,4,December,15,2018,375,32.3
132,OC_SHSS-4,SS,4,December,15,2018,540,33.9
133,OC_VB-5,VB,4,December,15,2018,280,38.6
133,OC_VB-5,VB,4,December,15,2018,235,25.3
133,OC_VB-5,VB,4,December,15,2018,320,38.3
134,OC_SHSS-5,SH,4,December,15,2018,270,19.3
134,OC_SHSS-5,SH,4,December,15,2018,245,22.4
134,OC_SHSS-5,SH,4,December,15,2018,150,27.2
134,OC_SHSS-5,SS,4,December,15,2018,300,31.1
134,OC_SHSS-5,SS,4,December,15,2018,220,33.8
134,OC_SHSS-5,SS,4,December,15,2018,495,34.5
135,OC_SHVB-5,SH,4,December,15,2018,370,22.8
135,OC_SHVB-5,SH,4,December,15,2018,170,24.3
135,OC_SHVB-5,SH,4,December,15,2018,310,23.6
135,OC_SHVB-5,VB,4,December,15,2018,265,28.6
135,OC_SHVB-5,VB,4,December,15,2018,325,27
135,OC_SHVB-5,VB,4,December,15,2018,285,27.7
136,OC_SH-5,SH,4,December,15,2018,290,22.3
136,OC_SH-5,SH,4,December,15,2018,350,23.6
136,OC_SH-5,SH,4,December,15,2018,375,24.8
137,OC_SS-5,SS,4,December,15,2018,470,35.3
137,OC_SS-5,SS,4,December,15,2018,520,35
137,OC_SS-5,SS,4,December,15,2018,420,38
138,OC_SSVB-5,SS,4,December,15,2018,465,36.5
138,OC_SSVB-5,SS,4,December,15,2018,380,34.2
138,OC_SSVB-5,SS,4,December,15,2018,430,35.1
138,OC_SSVB-5,VB,4,December,15,2018,565,34.5
138,OC_SSVB-5,VB,4,December,15,2018,490,29.1
138,OC_SSVB-5,VB,4,December,15,2018,280,27.9
139,OC_SS-6,SS,4,December,15,2018,455,27.1
139,OC_SS-6,SS,4,December,15,2018,585,33.3
139,OC_SS-6,SS,4,December,15,2018,430,31.6
140,OC_SHVB-6,SH,4,December,15,2018,300,25.6
140,OC_SHVB-6,SH,4,December,15,2018,265,27.3
140,OC_SHVB-6,SH,4,December,15,2018,180,24
140,OC_SHVB-6,VB,4,December,15,2018,550,28.8
140,OC_SHVB-6,VB,4,December,15,2018,460,34.6
140,OC_SHVB-6,VB,4,December,15,2018,230,28.9
141,OC_SSVB-6,SS,4,December,15,2018,355,27.6
141,OC_SSVB-6,SS,4,December,15,2018,210,18.2
141,OC_SSVB-6,SS,4,December,15,2018,465,24.7
141,OC_SSVB-6,VB,4,December,15,2018,215,23.4
141,OC_SSVB-6,VB,4,December,15,2018,600,26.5
141,OC_SSVB-6,VB,4,December,15,2018,405,28.1
142,OC_SHSS-6,SH,4,December,15,2018,290,25.5
142,OC_SHSS-6,SH,4,December,15,2018,180,24.8
142,OC_SHSS-6,SH,4,December,15,2018,320,25.6
142,OC_SHSS-6,SS,4,December,15,2018,335,25
142,OC_SHSS-6,SS,4,December,15,2018,350,29.3
142,OC_SHSS-6,SS,4,December,15,2018,200,18.9
143,OC_SH-6,SH,4,December,15,2018,200,26.3
143,OC_SH-6,SH,4,December,15,2018,305,26.5
143,OC_SH-6,SH,4,December,15,2018,250,22.1
144,OC_VB-6,VB,4,December,15,2018,580,28.5
144,OC_VB-6,VB,4,December,15,2018,615,31.8
144,OC_VB-6,VB,4,December,15,2018,730,25.6
1,VF_SHSS-1,SH,6,December,27,2018,305,27.7
1,VF_SHSS-1,SH,6,December,27,2018,420,26.6
1,VF_SHSS-1,SH,6,December,27,2018,275,20.8
1,VF_SHSS-1,SS,6,December,27,2018,410,16.9
1,VF_SHSS-1,SS,6,December,27,2018,260,16.7
1,VF_SHSS-1,SS,6,December,27,2018,245,23
2,VF_VB-1,VB,6,December,27,2018,355,28.9
2,VF_VB-1,VB,6,December,27,2018,260,38.4
2,VF_VB-1,VB,6,December,27,2018,455,34.9
3,VF_SH-1,SH,6,December,27,2018,290,24.5
3,VF_SH-1,SH,6,December,27,2018,475,22.7
3,VF_SH-1,SH,6,December,27,2018,305,30.6
4,VF_SHVB-1,SH,6,December,27,2018,270,32.1
4,VF_SHVB-1,SH,6,December,27,2018,500,29.7
4,VF_SHVB-1,SH,6,December,27,2018,570,19.8
4,VF_SHVB-1,VB,6,December,27,2018,450,35.7
4,VF_SHVB-1,VB,6,December,27,2018,245,35
4,VF_SHVB-1,VB,6,December,27,2018,275,34.1
5,VF_SSVB-1,SS,6,December,27,2018,280,22.6
5,VF_SSVB-1,SS,6,December,27,2018,190,23.9
5,VF_SSVB-1,SS,6,December,27,2018,120,25.5
5,VF_SSVB-1,VB,6,December,27,2018,320,38.4
5,VF_SSVB-1,VB,6,December,27,2018,255,34.2
5,VF_SSVB-1,VB,6,December,27,2018,260,37.2
6,VF_SS-1,SS,6,December,27,2018,245,14.6
6,VF_SS-1,SS,6,December,27,2018,205,10.4
6,VF_SS-1,SS,6,December,27,2018,270,17.7
7,VF_SS-2,SS,6,December,27,2018,320,26
7,VF_SS-2,SS,6,December,27,2018,185,23.2
7,VF_SS-2,SS,6,December,27,2018,340,18.1
8,VF_SHVB-2,SH,6,December,27,2018,430,37.7
8,VF_SHVB-2,SH,6,December,27,2018,280,28.4
8,VF_SHVB-2,SH,6,December,27,2018,350,26.2
8,VF_SHVB-2,VB,6,December,27,2018,315,34.9
8,VF_SHVB-2,VB,6,December,27,2018,200,38.3
8,VF_SHVB-2,VB,6,December,27,2018,250,26.5
9,VF_SSVB-2,SS,6,December,27,2018,245,39.3
9,VF_SSVB-2,SS,6,December,27,2018,130,32.3
9,VF_SSVB-2,SS,6,December,27,2018,170,37.1
9,VF_SSVB-2,VB,6,December,27,2018,440,25.9
9,VF_SSVB-2,VB,6,December,27,2018,230,35.5
9,VF_SSVB-2,VB,6,December,27,2018,280,30.1
10,VF_SH-2,SH,6,December,27,2018,480,21.4
10,VF_SH-2,SH,6,December,27,2018,310,32.1
10,VF_SH-2,SH,6,December,27,2018,450,32.5
11,VF_VB-2,VB,6,December,27,2018,315,36.5
11,VF_VB-2,VB,6,December,27,2018,365,29.8
11,VF_VB-2,VB,6,December,27,2018,215,33.9
12,VF_SHSS-2,SH,6,December,27,2018,465,36.2
12,VF_SHSS-2,SH,6,December,27,2018,360,31.3
12,VF_SHSS-2,SH,6,December,27,2018,310,32.5
12,VF_SHSS-2,SS,6,December,27,2018,205,18
12,VF_SHSS-2,SS,6,December,27,2018,290,13.8
12,VF_SHSS-2,SS,6,December,27,2018,220,12.7
13,VF_VB-3,VB,6,December,27,2018,570,31.6
13,VF_VB-3,VB,6,December,27,2018,280,33
13,VF_VB-3,VB,6,December,27,2018,300,25.3
14,VF_SSVB-3,SS,6,December,27,2018,250,13.5
14,VF_SSVB-3,SS,6,December,27,2018,230,15
14,VF_SSVB-3,SS,6,December,27,2018,190,12.6
14,VF_SSVB-3,VB,6,December,27,2018,300,35.6
14,VF_SSVB-3,VB,6,December,27,2018,250,37.8
14,VF_SSVB-3,VB,6,December,27,2018,325,28.4
15,VF_SHVB-3,SH,6,December,27,2018,390,26.2
15,VF_SHVB-3,SH,6,December,27,2018,290,24.9
15,VF_SHVB-3,SH,6,December,27,2018,440,21.7
15,VF_SHVB-3,VB,6,December,27,2018,270,31.2
15,VF_SHVB-3,VB,6,December,27,2018,395,31.4
15,VF_SHVB-3,VB,6,December,27,2018,325,31.5
16,VF_SHSS-3,SH,6,December,27,2018,440,28.4
16,VF_SHSS-3,SH,6,December,27,2018,300,30
16,VF_SHSS-3,SH,6,December,27,2018,340,30.4
16,VF_SHSS-3,SS,6,December,27,2018,205,18
16,VF_SHSS-3,SS,6,December,27,2018,140,13.8
16,VF_SHSS-3,SS,6,December,27,2018,255,8.5
17,VF_SS-3,SS,6,December,27,2018,160,12.9
17,VF_SS-3,SS,6,December,27,2018,210,18.7
17,VF_SS-3,SS,6,December,27,2018,120,11.9
18,VF_SH-3,SH,6,December,27,2018,415,31
18,VF_SH-3,SH,6,December,27,2018,280,39.8
18,VF_SH-3,SH,6,December,27,2018,500,31.8
19,VF_SH-4,SH,6,December,27,2018,390,22
19,VF_SH-4,SH,6,December,27,2018,330,29.5
19,VF_SH-4,SH,6,December,27,2018,310,25.6
20,VF_SS-4,SS,6,December,27,2018,230,14.7
20,VF_SS-4,SS,6,December,27,2018,275,17.9
20,VF_SS-4,SS,6,December,27,2018,130,26.3
21,VF_SHSS-4,SH,6,December,27,2018,405,28.4
21,VF_SHSS-4,SH,6,December,27,2018,325,28.4
21,VF_SHSS-4,SH,6,December,27,2018,310,28.9
21,VF_SHSS-4,SS,6,December,27,2018,230,13.5
21,VF_SHSS-4,SS,6,December,27,2018,170,19.6
21,VF_SHSS-4,SS,6,December,27,2018,300,15.7
22,VF_VB-4,VB,6,December,27,2018,305,36.8
22,VF_VB-4,VB,6,December,27,2018,260,33.3
22,VF_VB-4,VB,6,December,27,2018,360,34.8
23,VF_SHVB-4,SH,6,December,27,2018,405,33.3
23,VF_SHVB-4,SH,6,December,27,2018,300,34.2
23,VF_SHVB-4,SH,6,December,27,2018,540,33.7
23,VF_SHVB-4,VB,6,December,27,2018,325,35.1
23,VF_SHVB-4,VB,6,December,27,2018,290,36.8
23,VF_SHVB-4,VB,6,December,27,2018,255,37.9
24,VF_SSVB-4,SS,6,December,27,2018,235,15.4
24,VF_SSVB-4,SS,6,December,27,2018,325,20.9
24,VF_SSVB-4,SS,6,December,27,2018,135,19.5
24,VF_SSVB-4,VB,6,December,27,2018,360,40.7
24,VF_SSVB-4,VB,6,December,27,2018,250,35.7
24,VF_SSVB-4,VB,6,December,27,2018,345,42.3
25,VF_SHVB-5,SH,6,December,27,2018,435,30.8
25,VF_SHVB-5,SH,6,December,27,2018,290,31.8
25,VF_SHVB-5,SH,6,December,27,2018,320,31.2
25,VF_SHVB-5,VB,6,December,27,2018,320,38.4
25,VF_SHVB-5,VB,6,December,27,2018,270,38.2
25,VF_SHVB-5,VB,6,December,27,2018,370,39.5
26,VF_SHSS-5,SH,6,December,27,2018,455,28
26,VF_SHSS-5,SH,6,December,27,2018,265,34.5
26,VF_SHSS-5,SH,6,December,27,2018,350,25.3
26,VF_SHSS-5,SS,6,December,27,2018,200,24.9
26,VF_SHSS-5,SS,6,December,27,2018,310,19.4
26,VF_SHSS-5,SS,6,December,27,2018,260,9.6
27,VF_SS-5,SS,6,December,27,2018,120,10.6
27,VF_SS-5,SS,6,December,27,2018,170,10.4
27,VF_SS-5,SS,6,December,27,2018,240,10.4
28,VF_SSVB-5,SS,6,December,27,2018,135,13.3
28,VF_SSVB-5,SS,6,December,27,2018,190,17.7
28,VF_SSVB-5,SS,6,December,27,2018,225,9.7
28,VF_SSVB-5,VB,6,December,27,2018,370,32.7
28,VF_SSVB-5,VB,6,December,27,2018,220,32.7
28,VF_SSVB-5,VB,6,December,27,2018,250,38.3
29,VF_SH-5,SH,6,December,27,2018,440,25.5
29,VF_SH-5,SH,6,December,27,2018,435,31.2
29,VF_SH-5,SH,6,December,27,2018,310,29.5
30,VF_VB-5,VB,6,December,27,2018,195,26.4
30,VF_VB-5,VB,6,December,27,2018,215,23.5
30,VF_VB-5,VB,6,December,27,2018,245,28.2
31,VF_SSVB-6,SS,6,December,27,2018,200,21.5
31,VF_SSVB-6,SS,6,December,27,2018,285,17.5
31,VF_SSVB-6,SS,6,December,27,2018,270,19.3
31,VF_SSVB-6,VB,6,December,27,2018,285,30.4
31,VF_SSVB-6,VB,6,December,27,2018,200,34.3
31,VF_SSVB-6,VB,6,December,27,2018,185,34.5
32,VF_SH-6,SH,6,December,27,2018,485,28.1
32,VF_SH-6,SH,6,December,27,2018,350,28.2
32,VF_SH-6,SH,6,December,27,2018,425,30.3
33,VF_VB-6,VB,6,December,27,2018,355,38.2
33,VF_VB-6,VB,6,December,27,2018,220,38.2
33,VF_VB-6,VB,6,December,27,2018,420,38
34,VF_SS-6,SS,6,December,27,2018,250,22.7
34,VF_SS-6,SS,6,December,27,2018,120,14.6
34,VF_SS-6,SS,6,December,27,2018,270,10.2
35,VF_SHSS-6,SH,6,December,27,2018,370,32.1
35,VF_SHSS-6,SH,6,December,27,2018,320,28.1
35,VF_SHSS-6,SH,6,December,27,2018,285,37
35,VF_SHSS-6,SS,6,December,27,2018,180,16.3
35,VF_SHSS-6,SS,6,December,27,2018,240,19.6
35,VF_SHSS-6,SS,6,December,27,2018,135,17
36,VF_SHVB-6,SH,6,December,27,2018,375,27.5
36,VF_SHVB-6,SH,6,December,27,2018,290,21.1
36,VF_SHVB-6,SH,6,December,27,2018,410,32.6
36,VF_SHVB-6,VB,6,December,27,2018,190,38.5
36,VF_SHVB-6,VB,6,December,27,2018,285,40.3
36,VF_SHVB-6,VB,6,December,27,2018,230,30.1
37,FO_SS-1,SS,6,December,27,2018,280,18.2
37,FO_SS-1,SS,6,December,27,2018,245,20.7
37,FO_SS-1,SS,6,December,27,2018,160,8.2
38,FO_SHSS-1,SH,6,December,27,2018,405,33.1
38,FO_SHSS-1,SH,6,December,27,2018,250,32.8
38,FO_SHSS-1,SH,6,December,27,2018,485,32.3
38,FO_SHSS-1,SS,6,December,27,2018,255,17.2
38,FO_SHSS-1,SS,6,December,27,2018,290,22.9
38,FO_SHSS-1,SS,6,December,27,2018,190,26
39,FO_SHVB-1,SH,6,December,27,2018,440,31.6
39,FO_SHVB-1,SH,6,December,27,2018,335,32.3
39,FO_SHVB-1,SH,6,December,27,2018,245,33.2
39,FO_SHVB-1,VB,6,December,27,2018,340,36.5
39,FO_SHVB-1,VB,6,December,27,2018,390,34.4
39,FO_SHVB-1,VB,6,December,27,2018,255,33.8
40,FO_SSVB-1,SS,6,December,27,2018,335,17.7
40,FO_SSVB-1,SS,6,December,27,2018,270,24.3
40,FO_SSVB-1,SS,6,December,27,2018,205,24.2
40,FO_SSVB-1,VB,6,December,27,2018,375,33.1
40,FO_SSVB-1,VB,6,December,27,2018,250,36.8
40,FO_SSVB-1,VB,6,December,27,2018,300,33.7
41,FO_SH-1,SH,6,December,27,2018,470,35.9
41,FO_SH-1,SH,6,December,27,2018,345,27.8
41,FO_SH-1,SH,6,December,27,2018,510,35.1
42,FO_VB-1,VB,6,December,27,2018,335,38
42,FO_VB-1,VB,6,December,27,2018,580,36.7
42,FO_VB-1,VB,6,December,27,2018,415,37.8
43,FO_VB-2,VB,6,December,27,2018,275,24.2
43,FO_VB-2,VB,6,December,27,2018,425,32.7
43,FO_VB-2,VB,6,December,27,2018,240,30
44,FO_SSVB-2,SS,6,December,27,2018,300,20.1
44,FO_SSVB-2,SS,6,December,27,2018,195,22.7
44,FO_SSVB-2,SS,6,December,27,2018,250,16.1
44,FO_SSVB-2,VB,6,December,27,2018,360,34.8
44,FO_SSVB-2,VB,6,December,27,2018,265,37.7
44,FO_SSVB-2,VB,6,December,27,2018,235,37.7
45,FO_SS-2,SS,6,December,27,2018,200,10.1
45,FO_SS-2,SS,6,December,27,2018,155,16.4
45,FO_SS-2,SS,6,December,27,2018,190,14.8
46,FO_SH-2,SH,6,December,27,2018,470,36
46,FO_SH-2,SH,6,December,27,2018,380,35.2
46,FO_SH-2,SH,6,December,27,2018,295,26.7
47,FO_SHVB-2,SH,6,December,27,2018,435,27.7
47,FO_SHVB-2,SH,6,December,27,2018,325,34.1
47,FO_SHVB-2,SH,6,December,27,2018,365,31.8
47,FO_SHVB-2,VB,6,December,27,2018,260,30.3
47,FO_SHVB-2,VB,6,December,27,2018,225,32.3
47,FO_SHVB-2,VB,6,December,27,2018,260,29.9
48,FO_SHSS-2,SH,6,December,27,2018,425,34.5
48,FO_SHSS-2,SH,6,December,27,2018,490,33.6
48,FO_SHSS-2,SH,6,December,27,2018,320,38.2
48,FO_SHSS-2,SS,6,December,27,2018,430,21.8
48,FO_SHSS-2,SS,6,December,27,2018,260,22.2
48,FO_SHSS-2,SS,6,December,27,2018,400,20.6
49,FO_SH-3,SH,6,December,27,2018,380,25.4
49,FO_SH-3,SH,6,December,27,2018,455,25.9
49,FO_SH-3,SH,6,December,27,2018,275,28.5
50,FO_SHVB-3,SH,6,December,27,2018,300,26.1
50,FO_SHVB-3,SH,6,December,27,2018,525,26.6
50,FO_SHVB-3,SH,6,December,27,2018,375,27
50,FO_SHVB-3,VB,6,December,27,2018,340,33.7
50,FO_SHVB-3,VB,6,December,27,2018,245,33.1
50,FO_SHVB-3,VB,6,December,27,2018,435,31.4
51,FO_VB-3,VB,6,December,27,2018,730,33.6
51,FO_VB-3,VB,6,December,27,2018,330,36.3
51,FO_VB-3,VB,6,December,27,2018,290,41.1
52,FO_SHSS-3,SH,6,December,27,2018,410,36.8
52,FO_SHSS-3,SH,6,December,27,2018,230,27.4
52,FO_SHSS-3,SH,6,December,27,2018,420,33.4
52,FO_SHSS-3,SS,6,December,27,2018,230,12.6
52,FO_SHSS-3,SS,6,December,27,2018,205,18.8
52,FO_SHSS-3,SS,6,December,27,2018,165,20.9
53,FO_SS-3,SS,6,December,27,2018,330,25.8
53,FO_SS-3,SS,6,December,27,2018,240,16
53,FO_SS-3,SS,6,December,27,2018,170,22.3
54,FO_SSVB-3,SS,6,December,27,2018,335,19.9
54,FO_SSVB-3,SS,6,December,27,2018,300,19.6
54,FO_SSVB-3,SS,6,December,27,2018,145,20
54,FO_SSVB-3,VB,6,December,27,2018,315,35.1
54,FO_SSVB-3,VB,6,December,27,2018,260,37
54,FO_SSVB-3,VB,6,December,27,2018,200,33.2
55,FO_SHSS-4,SH,6,December,27,2018,430,29.7
55,FO_SHSS-4,SH,6,December,27,2018,340,30.8
55,FO_SHSS-4,SH,6,December,27,2018,420,28.3
55,FO_SHSS-4,SS,6,December,27,2018,355,33.8
55,FO_SHSS-4,SS,6,December,27,2018,245,20.7
55,FO_SHSS-4,SS,6,December,27,2018,225,15.3
56,FO_SH-4,SH,6,December,27,2018,400,29
56,FO_SH-4,SH,6,December,27,2018,370,26.3
56,FO_SH-4,SH,6,December,27,2018,305,32
57,FO_SSVB-4,SS,6,December,27,2018,330,25
57,FO_SSVB-4,SS,6,December,27,2018,230,10.7
57,FO_SSVB-4,SS,6,December,27,2018,280,17.5
57,FO_SSVB-4,VB,6,December,27,2018,310,39.4
57,FO_SSVB-4,VB,6,December,27,2018,275,41.2
57,FO_SSVB-4,VB,6,December,27,2018,165,31.6
58,FO_SS-4,SS,6,December,27,2018,180,27.5
58,FO_SS-4,SS,6,December,27,2018,220,21.2
58,FO_SS-4,SS,6,December,27,2018,305,10.3
59,FO_VB-4,VB,6,December,27,2018,270,37.7
59,FO_VB-4,VB,6,December,27,2018,180,32.8
59,FO_VB-4,VB,6,December,27,2018,360,35.1
60,FO_SHVB-4,SH,6,December,27,2018,410,36.6
60,FO_SHVB-4,SH,6,December,27,2018,350,33.4
60,FO_SHVB-4,SH,6,December,27,2018,295,33.7
60,FO_SHVB-4,VB,6,December,27,2018,285,32.7
60,FO_SHVB-4,VB,6,December,27,2018,245,29.1
60,FO_SHVB-4,VB,6,December,27,2018,380,40.7
61,FO_SHVB-5,SH,6,December,27,2018,430,31.6
61,FO_SHVB-5,SH,6,December,27,2018,220,27.7
61,FO_SHVB-5,SH,6,December,27,2018,365,24.4
61,FO_SHVB-5,VB,6,December,27,2018,300,32
61,FO_SHVB-5,VB,6,December,27,2018,240,27
61,FO_SHVB-5,VB,6,December,27,2018,295,30.2
62,FO_SS-5,SS,6,December,27,2018,200,13.4
62,FO_SS-5,SS,6,December,27,2018,155,11.3
62,FO_SS-5,SS,6,December,27,2018,165,13.4
63,FO_SHSS-5,SH,6,December,27,2018,355,26.2
63,FO_SHSS-5,SH,6,December,27,2018,330,29.8
63,FO_SHSS-5,SH,6,December,27,2018,480,33.1
63,FO_SHSS-5,SS,6,December,27,2018,200,10.7
63,FO_SHSS-5,SS,6,December,27,2018,160,13.5
63,FO_SHSS-5,SS,6,December,27,2018,150,13.7
64,FO_VB-5,VB,6,December,27,2018,250,30.4
64,FO_VB-5,VB,6,December,27,2018,400,32.6
64,FO_VB-5,VB,6,December,27,2018,360,36.2
65,FO_SSVB-5,SS,6,December,27,2018,160,13.6
65,FO_SSVB-5,SS,6,December,27,2018,205,17.4
65,FO_SSVB-5,SS,6,December,27,2018,125,17.7
65,FO_SSVB-5,VB,6,December,27,2018,205,26.8
65,FO_SSVB-5,VB,6,December,27,2018,340,35.3
65,FO_SSVB-5,VB,6,December,27,2018,170,35.6
66,FO_SH-5,SH,6,December,27,2018,355,23.2
66,FO_SH-5,SH,6,December,27,2018,415,31.5
66,FO_SH-5,SH,6,December,27,2018,240,30.2
67,FO_SSVB-6,SS,6,December,27,2018,420,20.6
67,FO_SSVB-6,SS,6,December,27,2018,260,20.3
67,FO_SSVB-6,SS,6,December,27,2018,340,21
67,FO_SSVB-6,VB,6,December,27,2018,200,31.4
67,FO_SSVB-6,VB,6,December,27,2018,255,36.5
67,FO_SSVB-6,VB,6,December,27,2018,290,27
68,FO_VB-6,VB,6,December,27,2018,330,36.9
68,FO_VB-6,VB,6,December,27,2018,405,35.4
68,FO_VB-6,VB,6,December,27,2018,300,35.9
69,FO_SH-6,SH,6,December,27,2018,545,29.7
69,FO_SH-6,SH,6,December,27,2018,310,24.3
69,FO_SH-6,SH,6,December,27,2018,260,31.1
70,FO_SHVB-6,SH,6,December,27,2018,330,16.4
70,FO_SHVB-6,SH,6,December,27,2018,435,24.9
70,FO_SHVB-6,SH,6,December,27,2018,275,25.6
70,FO_SHVB-6,VB,6,December,27,2018,230,26.4
70,FO_SHVB-6,VB,6,December,27,2018,185,28
70,FO_SHVB-6,VB,6,December,27,2018,260,32.9
71,FO_SHSS-6,SH,6,December,27,2018,360,30.5
71,FO_SHSS-6,SH,6,December,27,2018,460,20.9
71,FO_SHSS-6,SH,6,December,27,2018,270,29.7
71,FO_SHSS-6,SS,6,December,27,2018,360,22.8
71,FO_SHSS-6,SS,6,December,27,2018,275,12.5
71,FO_SHSS-6,SS,6,December,27,2018,380,21.8
72,FO_SS-6,SS,6,December,27,2018,240,19.7
72,FO_SS-6,SS,6,December,27,2018,215,17.2
72,FO_SS-6,SS,6,December,27,2018,315,22
73,HH_SH-1,SH,6,December,27,2018,280,30.3
73,HH_SH-1,SH,6,December,27,2018,440,36
73,HH_SH-1,SH,6,December,27,2018,590,29.4
74,HH_SSVB-1,SS,6,December,27,2018,410,33.7
74,HH_SSVB-1,SS,6,December,27,2018,350,23.5
74,HH_SSVB-1,SS,6,December,27,2018,600,31.9
74,HH_SSVB-1,VB,6,December,27,2018,270,33.9
74,HH_SSVB-1,VB,6,December,27,2018,225,30.8
74,HH_SSVB-1,VB,6,December,27,2018,470,30.6
75,HH_SHVB-1,SH,6,December,27,2018,395,29.9
75,HH_SHVB-1,SH,6,December,27,2018,250,36
75,HH_SHVB-1,SH,6,December,27,2018,570,29.5
75,HH_SHVB-1,VB,6,December,27,2018,380,33.3
75,HH_SHVB-1,VB,6,December,27,2018,290,36
75,HH_SHVB-1,VB,6,December,27,2018,440,30.2
76,HH_SHSS-1,SH,6,December,27,2018,255,34.9
76,HH_SHSS-1,SH,6,December,27,2018,515,22.5
76,HH_SHSS-1,SH,6,December,27,2018,370,28.5
76,HH_SHSS-1,SS,6,December,27,2018,420,30.7
76,HH_SHSS-1,SS,6,December,27,2018,480,31.9
76,HH_SHSS-1,SS,6,December,27,2018,390,36.3
77,HH_VB-1,VB,6,December,27,2018,400,31.8
77,HH_VB-1,VB,6,December,27,2018,425,31.1
77,HH_VB-1,VB,6,December,27,2018,290,31.1
78,HH_SS-1,SS,6,December,27,2018,380,37.1
78,HH_SS-1,SS,6,December,27,2018,310,37.6
78,HH_SS-1,SS,6,December,27,2018,670,26.4
79,HH_VB-2,VB,6,December,27,2018,340,29.1
79,HH_VB-2,VB,6,December,27,2018,200,36
79,HH_VB-2,VB,6,December,27,2018,440,31.8
80,HH_SHSS-2,SH,6,December,27,2018,480,31.2
80,HH_SHSS-2,SH,6,December,27,2018,290,36
80,HH_SHSS-2,SH,6,December,27,2018,355,33.1
80,HH_SHSS-2,SS,6,December,27,2018,415,35.5
80,HH_SHSS-2,SS,6,December,27,2018,340,30.5
80,HH_SHSS-2,SS,6,December,27,2018,590,32.7
81,HH_SS-2,SS,6,December,27,2018,555,32.3
81,HH_SS-2,SS,6,December,27,2018,405,31
81,HH_SS-2,SS,6,December,27,2018,650,28.3
82,HH_SH-2,SH,6,December,27,2018,580,34.1
82,HH_SH-2,SH,6,December,27,2018,380,31.6
82,HH_SH-2,SH,6,December,27,2018,250,30.3
83,HH_SHVB-2,SH,6,December,27,2018,360,35.5
83,HH_SHVB-2,SH,6,December,27,2018,530,31.1
83,HH_SHVB-2,SH,6,December,27,2018,300,32.5
83,HH_SHVB-2,VB,6,December,27,2018,545,39.5
83,HH_SHVB-2,VB,6,December,27,2018,405,31.3
83,HH_SHVB-2,VB,6,December,27,2018,245,31.5
84,HH_SSVB-2,SS,6,December,27,2018,510,25.5
84,HH_SSVB-2,SS,6,December,27,2018,415,33.5
84,HH_SSVB-2,SS,6,December,27,2018,610,31
84,HH_SSVB-2,VB,6,December,27,2018,500,29.4
84,HH_SSVB-2,VB,6,December,27,2018,475,32.8
84,HH_SSVB-2,VB,6,December,27,2018,255,34.2
85,HH_SHSS-3,SH,6,December,27,2018,425,35.3
85,HH_SHSS-3,SH,6,December,27,2018,320,32.7
85,HH_SHSS-3,SH,6,December,27,2018,490,22.5
85,HH_SHSS-3,SS,6,December,27,2018,520,29.8
85,HH_SHSS-3,SS,6,December,27,2018,480,33.1
85,HH_SHSS-3,SS,6,December,27,2018,410,22.9
86,HH_SHVB-3,SH,6,December,27,2018,335,22.9
86,HH_SHVB-3,SH,6,December,27,2018,310,31
86,HH_SHVB-3,SH,6,December,27,2018,215,35.9
86,HH_SHVB-3,VB,6,December,27,2018,265,33.5
86,HH_SHVB-3,VB,6,December,27,2018,480,25.6
86,HH_SHVB-3,VB,6,December,27,2018,410,31.8
87,HH_SSVB-3,SS,6,December,27,2018,620,31.8
87,HH_SSVB-3,SS,6,December,27,2018,310,28.4
87,HH_SSVB-3,SS,6,December,27,2018,545,15.1
87,HH_SSVB-3,VB,6,December,27,2018,340,34
87,HH_SSVB-3,VB,6,December,27,2018,420,29.1
87,HH_SSVB-3,VB,6,December,27,2018,270,34.2
88,HH_VB-3,VB,6,December,27,2018,475,33.7
88,HH_VB-3,VB,6,December,27,2018,240,31.1
88,HH_VB-3,VB,6,December,27,2018,460,30
89,HH_SS-3,SS,6,December,27,2018,510,32.9
89,HH_SS-3,SS,6,December,27,2018,390,21.6
89,HH_SS-3,SS,6,December,27,2018,600,39.3
90,HH_SH-3,SH,6,December,27,2018,370,28.1
90,HH_SH-3,SH,6,December,27,2018,265,17.7
90,HH_SH-3,SH,6,December,27,2018,470,31.3
91,HH_SS-4,SS,6,December,27,2018,500,33.9
91,HH_SS-4,SS,6,December,27,2018,420,21.5
91,HH_SS-4,SS,6,December,27,2018,340,33
92,HH_SH-4,SH,6,December,27,2018,415,31.5
92,HH_SH-4,SH,6,December,27,2018,290,30.7
92,HH_SH-4,SH,6,December,27,2018,475,21.4
93,HH_VB-4,VB,6,December,27,2018,255,28.5
93,HH_VB-4,VB,6,December,27,2018,365,29
93,HH_VB-4,VB,6,December,27,2018,235,31
94,HH_SHVB-4,SH,6,December,27,2018,490,32.7
94,HH_SHVB-4,SH,6,December,27,2018,325,33.1
94,HH_SHVB-4,SH,6,December,27,2018,290,30.9
94,HH_SHVB-4,VB,6,December,27,2018,400,30.1
94,HH_SHVB-4,VB,6,December,27,2018,315,37
94,HH_SHVB-4,VB,6,December,27,2018,545,34.6
95,HH_SSVB-4,SS,6,December,27,2018,550,34
95,HH_SSVB-4,SS,6,December,27,2018,470,30.6
95,HH_SSVB-4,SS,6,December,27,2018,330,35.3
95,HH_SSVB-4,VB,6,December,27,2018,350,27.6
95,HH_SSVB-4,VB,6,December,27,2018,470,26.6
95,HH_SSVB-4,VB,6,December,27,2018,450,31.4
96,HH_SHSS-4,SH,6,December,27,2018,345,34.6
96,HH_SHSS-4,SH,6,December,27,2018,280,30.7
96,HH_SHSS-4,SH,6,December,27,2018,260,16.8
96,HH_SHSS-4,SS,6,December,27,2018,400,27.6
96,HH_SHSS-4,SS,6,December,27,2018,255,22.5
96,HH_SHSS-4,SS,6,December,27,2018,490,32.8
97,HH_SSVB-5,SS,6,December,27,2018,385,35.4
97,HH_SSVB-5,SS,6,December,27,2018,460,31.1
97,HH_SSVB-5,SS,6,December,27,2018,290,15
97,HH_SSVB-5,VB,6,December,27,2018,225,34.3
97,HH_SSVB-5,VB,6,December,27,2018,270,32.9
97,HH_SSVB-5,VB,6,December,27,2018,250,33.4
98,HH_VB-5,VB,6,December,27,2018,430,35.3
98,HH_VB-5,VB,6,December,27,2018,240,35.2
98,HH_VB-5,VB,6,December,27,2018,475,35.7
99,HH_SHSS-5,SH,6,December,27,2018,350,32.6
99,HH_SHSS-5,SH,6,December,27,2018,215,26
99,HH_SHSS-5,SH,6,December,27,2018,530,27.9
99,HH_SHSS-5,SS,6,December,27,2018,410,34.8
99,HH_SHSS-5,SS,6,December,27,2018,510,35
99,HH_SHSS-5,SS,6,December,27,2018,400,23
100,HH_SS-5,SS,6,December,27,2018,450,35.3
100,HH_SS-5,SS,6,December,27,2018,700,37.5
100,HH_SS-5,SS,6,December,27,2018,410,21.1
101,HH_SH-5,SH,6,December,27,2018,320,29.8
101,HH_SH-5,SH,6,December,27,2018,505,27.6
101,HH_SH-5,SH,6,December,27,2018,180,27.1
102,HH_SHVB-5,SH,6,December,27,2018,335,16.4
102,HH_SHVB-5,SH,6,December,27,2018,290,26.1
102,HH_SHVB-5,SH,6,December,27,2018,445,22
102,HH_SHVB-5,VB,6,December,27,2018,705,37.7
102,HH_SHVB-5,VB,6,December,27,2018,995,38.6
102,HH_SHVB-5,VB,6,December,27,2018,490,40.3
103,HH_SHVB-6,SH,6,December,27,2018,365,21.1
103,HH_SHVB-6,SH,6,December,27,2018,255,33.9
103,HH_SHVB-6,SH,6,December,27,2018,430,25.7
103,HH_SHVB-6,VB,6,December,27,2018,205,35.6
103,HH_SHVB-6,VB,6,December,27,2018,680,35.9
103,HH_SHVB-6,VB,6,December,27,2018,240,35.2
104,HH_SS-6,SS,6,December,27,2018,345,28.9
104,HH_SS-6,SS,6,December,27,2018,250,23.9
104,HH_SS-6,SS,6,December,27,2018,270,19.3
105,HH_SH-6,SH,6,December,27,2018,310,20.7
105,HH_SH-6,SH,6,December,27,2018,200,18.8
105,HH_SH-6,SH,6,December,27,2018,305,30.6
106,HH_SSVB-6,SS,6,December,27,2018,350,24.7
106,HH_SSVB-6,SS,6,December,27,2018,480,33.2
106,HH_SSVB-6,SS,6,December,27,2018,340,30.6
106,HH_SSVB-6,VB,6,December,27,2018,190,28.2
106,HH_SSVB-6,VB,6,December,27,2018,660,38.1
106,HH_SSVB-6,VB,6,December,27,2018,250,31.5
107,HH_SHSS-6,SH,6,December,27,2018,340,31
107,HH_SHSS-6,SH,6,December,27,2018,245,18.3
107,HH_SHSS-6,SH,6,December,27,2018,225,25.1
107,HH_SHSS-6,SS,6,December,27,2018,460,25.9
107,HH_SHSS-6,SS,6,December,27,2018,320,33
107,HH_SHSS-6,SS,6,December,27,2018,460,28.3
108,HH_VB-6,VB,6,December,27,2018,780,42.6
108,HH_VB-6,VB,6,December,27,2018,650,34.6
108,HH_VB-6,VB,6,December,27,2018,320,31.7
109,OC_SHSS-1,SH,6,December,27,2018,390,30.3
109,OC_SHSS-1,SH,6,December,27,2018,625,29.9
109,OC_SHSS-1,SH,6,December,27,2018,580,25.3
109,OC_SHSS-1,SS,6,December,27,2018,940,32.8
109,OC_SHSS-1,SS,6,December,27,2018,795,36.9
109,OC_SHSS-1,SS,6,December,27,2018,520,35.8
110,OC_SS-1,SS,6,December,27,2018,730,33.6
110,OC_SS-1,SS,6,December,27,2018,1030,39.6
110,OC_SS-1,SS,6,December,27,2018,800,40.7
111,OC_SH-1,SH,6,December,27,2018,450,21.5
111,OC_SH-1,SH,6,December,27,2018,670,27.4
111,OC_SH-1,SH,6,December,27,2018,595,31.3
112,OC_SSVB-1,SS,6,December,27,2018,775,36.8
112,OC_SSVB-1,SS,6,December,27,2018,1210,32.7
112,OC_SSVB-1,SS,6,December,27,2018,895,37.7
112,OC_SSVB-1,VB,6,December,27,2018,540,31.4
112,OC_SSVB-1,VB,6,December,27,2018,385,35.1
112,OC_SSVB-1,VB,6,December,27,2018,350,33.7
113,OC_VB-1,VB,6,December,27,2018,500,28.3
113,OC_VB-1,VB,6,December,27,2018,470,26.3
113,OC_VB-1,VB,6,December,27,2018,290,31.1
114,OC_SHVB-1,SH,6,December,27,2018,325,27.6
114,OC_SHVB-1,SH,6,December,27,2018,490,28.7
114,OC_SHVB-1,SH,6,December,27,2018,285,33.7
114,OC_SHVB-1,VB,6,December,27,2018,350,29.8
114,OC_SHVB-1,VB,6,December,27,2018,520,29.4
114,OC_SHVB-1,VB,6,December,27,2018,920,22
115,OC_SHVB-2,SH,6,December,27,2018,435,27.7
115,OC_SHVB-2,SH,6,December,27,2018,400,25.7
115,OC_SHVB-2,SH,6,December,27,2018,310,30.7
115,OC_SHVB-2,VB,6,December,27,2018,330,29.8
115,OC_SHVB-2,VB,6,December,27,2018,330,27.7
115,OC_SHVB-2,VB,6,December,27,2018,470,27.5
116,OC_VB-2,VB,6,December,27,2018,380,28
116,OC_VB-2,VB,6,December,27,2018,420,27.8
116,OC_VB-2,VB,6,December,27,2018,230,24.6
117,OC_SHSS-2,SH,6,December,27,2018,640,32.7
117,OC_SHSS-2,SH,6,December,27,2018,530,31.9
117,OC_SHSS-2,SH,6,December,27,2018,485,24.5
117,OC_SHSS-2,SS,6,December,27,2018,950,38
117,OC_SHSS-2,SS,6,December,27,2018,830,32.1
117,OC_SHSS-2,SS,6,December,27,2018,1150,35.1
118,OC_SS-2,SS,6,December,27,2018,600,32.4
118,OC_SS-2,SS,6,December,27,2018,1005,34.5
118,OC_SS-2,SS,6,December,27,2018,1180,32.9
119,OC_SSVB-2,SS,6,December,27,2018,720,34.8
119,OC_SSVB-2,SS,6,December,27,2018,590,31.3
119,OC_SSVB-2,SS,6,December,27,2018,1000,32.2
119,OC_SSVB-2,VB,6,December,27,2018,960,29.6
119,OC_SSVB-2,VB,6,December,27,2018,490,26.9
119,OC_SSVB-2,VB,6,December,27,2018,485,29.1
120,OC_SH-2,SH,6,December,27,2018,570,32.4
120,OC_SH-2,SH,6,December,27,2018,405,32.8
120,OC_SH-2,SH,6,December,27,2018,650,30
121,OC_SSVB-3,SS,6,December,27,2018,890,43.7
121,OC_SSVB-3,SS,6,December,27,2018,510,38.1
121,OC_SSVB-3,SS,6,December,27,2018,920,34.1
121,OC_SSVB-3,VB,6,December,27,2018,545,33
121,OC_SSVB-3,VB,6,December,27,2018,370,34.7
121,OC_SSVB-3,VB,6,December,27,2018,400,39.1
122,OC_SH-3,SH,6,December,27,2018,350,23.9
122,OC_SH-3,SH,6,December,27,2018,510,32.2
122,OC_SH-3,SH,6,December,27,2018,660,29.5
123,OC_VB-3,VB,6,December,27,2018,460,34
123,OC_VB-3,VB,6,December,27,2018,480,34.8
123,OC_VB-3,VB,6,December,27,2018,250,34.2
124,OC_SHVB-3,SH,6,December,27,2018,505,31.8
124,OC_SHVB-3,SH,6,December,27,2018,645,34.9
124,OC_SHVB-3,SH,6,December,27,2018,355,29.6
124,OC_SHVB-3,VB,6,December,27,2018,510,34.8
124,OC_SHVB-3,VB,6,December,27,2018,465,33
124,OC_SHVB-3,VB,6,December,27,2018,530,37.8
125,OC_SHSS-3,SH,6,December,27,2018,570,33.8
125,OC_SHSS-3,SH,6,December,27,2018,650,33.4
125,OC_SHSS-3,SH,6,December,27,2018,455,30.8
125,OC_SHSS-3,SS,6,December,27,2018,835,34.8
125,OC_SHSS-3,SS,6,December,27,2018,1050,30.1
125,OC_SHSS-3,SS,6,December,27,2018,650,34.1
126,OC_SS-3,SS,6,December,27,2018,1165,34.7
126,OC_SS-3,SS,6,December,27,2018,910,25.5
126,OC_SS-3,SS,6,December,27,2018,650,34.2
127,OC_SH-4,SH,6,December,27,2018,410,31.3
127,OC_SH-4,SH,6,December,27,2018,580,31.6
127,OC_SH-4,SH,6,December,27,2018,425,33.1
128,OC_SSVB-4,SS,6,December,27,2018,870,40.3
128,OC_SSVB-4,SS,6,December,27,2018,780,30.9
128,OC_SSVB-4,SS,6,December,27,2018,470,33.4
128,OC_SSVB-4,VB,6,December,27,2018,905,37.3
128,OC_SSVB-4,VB,6,December,27,2018,710,36.8
128,OC_SSVB-4,VB,6,December,27,2018,965,35
129,OC_SS-4,SS,6,December,27,2018,550,31.1
129,OC_SS-4,SS,6,December,27,2018,680,22
129,OC_SS-4,SS,6,December,27,2018,890,23.1
130,OC_VB-4,VB,6,December,27,2018,660,38.1
130,OC_VB-4,VB,6,December,27,2018,405,31.4
130,OC_VB-4,VB,6,December,27,2018,525,28.2
131,OC_SHVB-4,SH,6,December,27,2018,380,35.1
131,OC_SHVB-4,SH,6,December,27,2018,570,27.4
131,OC_SHVB-4,SH,6,December,27,2018,410,30.6
131,OC_SHVB-4,VB,6,December,27,2018,535,37.7
131,OC_SHVB-4,VB,6,December,27,2018,470,38.4
131,OC_SHVB-4,VB,6,December,27,2018,485,36
132,OC_SHSS-4,SH,6,December,27,2018,415,32.7
132,OC_SHSS-4,SH,6,December,27,2018,510,33.7
132,OC_SHSS-4,SH,6,December,27,2018,675,31
132,OC_SHSS-4,SS,6,December,27,2018,960,40.5
132,OC_SHSS-4,SS,6,December,27,2018,700,37.2
132,OC_SHSS-4,SS,6,December,27,2018,950,28.9
133,OC_VB-5,VB,6,December,27,2018,790,40.4
133,OC_VB-5,VB,6,December,27,2018,430,35.7
133,OC_VB-5,VB,6,December,27,2018,290,36.5
134,OC_SHSS-5,SH,6,December,27,2018,470,30.3
134,OC_SHSS-5,SH,6,December,27,2018,345,27
134,OC_SHSS-5,SH,6,December,27,2018,375,20.3
134,OC_SHSS-5,SS,6,December,27,2018,440,33.8
134,OC_SHSS-5,SS,6,December,27,2018,650,31.6
134,OC_SHSS-5,SS,6,December,27,2018,775,28.7
135,OC_SHVB-5,SH,6,December,27,2018,570,30.2
135,OC_SHVB-5,SH,6,December,27,2018,610,31.6
135,OC_SHVB-5,SH,6,December,27,2018,445,24.9
135,OC_SHVB-5,VB,6,December,27,2018,670,34.1
135,OC_SHVB-5,VB,6,December,27,2018,350,36
135,OC_SHVB-5,VB,6,December,27,2018,510,29.6
136,OC_SH-5,SH,6,December,27,2018,370,22
136,OC_SH-5,SH,6,December,27,2018,340,25.3
136,OC_SH-5,SH,6,December,27,2018,590,30.7
137,OC_SS-5,SS,6,December,27,2018,830,36.7
137,OC_SS-5,SS,6,December,27,2018,630,32.5
137,OC_SS-5,SS,6,December,27,2018,590,25.9
138,OC_SSVB-5,SS,6,December,27,2018,480,33.8
138,OC_SSVB-5,SS,6,December,27,2018,740,27.8
138,OC_SSVB-5,SS,6,December,27,2018,520,33.3
138,OC_SSVB-5,VB,6,December,27,2018,740,30
138,OC_SSVB-5,VB,6,December,27,2018,620,31.7
138,OC_SSVB-5,VB,6,December,27,2018,700,26.9
139,OC_SS-6,SS,6,December,27,2018,580,34.3
139,OC_SS-6,SS,6,December,27,2018,780,27.6
139,OC_SS-6,SS,6,December,27,2018,760,26.3
140,OC_SHVB-6,SH,6,December,27,2018,360,25.8
140,OC_SHVB-6,SH,6,December,27,2018,510,29.3
140,OC_SHVB-6,SH,6,December,27,2018,420,26.6
140,OC_SHVB-6,VB,6,December,27,2018,835,30.8
140,OC_SHVB-6,VB,6,December,27,2018,555,32.8
140,OC_SHVB-6,VB,6,December,27,2018,705,36.4
141,OC_SSVB-6,SS,6,December,27,2018,620,35.4
141,OC_SSVB-6,SS,6,December,27,2018,590,30.7
141,OC_SSVB-6,SS,6,December,27,2018,380,30.9
141,OC_SSVB-6,VB,6,December,27,2018,890,30
141,OC_SSVB-6,VB,6,December,27,2018,850,29.2
141,OC_SSVB-6,VB,6,December,27,2018,320,28.9
142,OC_SHSS-6,SH,6,December,27,2018,555,26
142,OC_SHSS-6,SH,6,December,27,2018,320,28.8
142,OC_SHSS-6,SH,6,December,27,2018,280,25.4
142,OC_SHSS-6,SS,6,December,27,2018,400,25.7
142,OC_SHSS-6,SS,6,December,27,2018,580,28.6
142,OC_SHSS-6,SS,6,December,27,2018,540,24.6
143,OC_SH-6,SH,6,December,27,2018,500,25.3
143,OC_SH-6,SH,6,December,27,2018,395,26.2
143,OC_SH-6,SH,6,December,27,2018,240,27.3
144,OC_VB-6,VB,6,December,27,2018,920,36.9
144,OC_VB-6,VB,6,December,27,2018,540,37.2
144,OC_VB-6,VB,6,December,27,2018,1105,25.6
1,VF_SHSS-1,SH,8,January,10,2019,490,27.1
1,VF_SHSS-1,SH,8,January,10,2019,510,25.7
1,VF_SHSS-1,SH,8,January,10,2019,450,25.2
1,VF_SHSS-1,SS,8,January,10,2019,490,18.1
1,VF_SHSS-1,SS,8,January,10,2019,470,16.8
1,VF_SHSS-1,SS,8,January,10,2019,330,17.1
2,VF_VB-1,VB,8,January,10,2019,390,37.6
2,VF_VB-1,VB,8,January,10,2019,530,40.7
2,VF_VB-1,VB,8,January,10,2019,470,38.5
3,VF_SH-1,SH,8,January,10,2019,540,23.9
3,VF_SH-1,SH,8,January,10,2019,490,29.6
3,VF_SH-1,SH,8,January,10,2019,430,33.1
4,VF_SHVB-1,SH,8,January,10,2019,535,33.7
4,VF_SHVB-1,SH,8,January,10,2019,690,31.5
4,VF_SHVB-1,SH,8,January,10,2019,635,27.8
4,VF_SHVB-1,VB,8,January,10,2019,650,43.9
4,VF_SHVB-1,VB,8,January,10,2019,625,34.8
4,VF_SHVB-1,VB,8,January,10,2019,285,39.2
5,VF_SSVB-1,SS,8,January,10,2019,310,15.5
5,VF_SSVB-1,SS,8,January,10,2019,230,18.2
5,VF_SSVB-1,SS,8,January,10,2019,380,14.7
5,VF_SSVB-1,VB,8,January,10,2019,520,38.2
5,VF_SSVB-1,VB,8,January,10,2019,435,46.9
5,VF_SSVB-1,VB,8,January,10,2019,665,42.1
6,VF_SS-1,SS,8,January,10,2019,325,15.8
6,VF_SS-1,SS,8,January,10,2019,340,13.8
6,VF_SS-1,SS,8,January,10,2019,310,14
7,VF_SS-2,SS,8,January,10,2019,380,17.7
7,VF_SS-2,SS,8,January,10,2019,330,14.4
7,VF_SS-2,SS,8,January,10,2019,465,19.7
8,VF_SHVB-2,SH,8,January,10,2019,480,22.7
8,VF_SHVB-2,SH,8,January,10,2019,510,29.9
8,VF_SHVB-2,SH,8,January,10,2019,490,31.9
8,VF_SHVB-2,VB,8,January,10,2019,720,35.9
8,VF_SHVB-2,VB,8,January,10,2019,660,35.1
8,VF_SHVB-2,VB,8,January,10,2019,645,40.2
9,VF_SSVB-2,SS,8,January,10,2019,370,14.9
9,VF_SSVB-2,SS,8,January,10,2019,310,17.6
9,VF_SSVB-2,SS,8,January,10,2019,340,13.6
9,VF_SSVB-2,VB,8,January,10,2019,570,40.8
9,VF_SSVB-2,VB,8,January,10,2019,770,33.2
9,VF_SSVB-2,VB,8,January,10,2019,420,38.6
10,VF_SH-2,SH,8,January,10,2019,610,29.2
10,VF_SH-2,SH,8,January,10,2019,590,32.2
10,VF_SH-2,SH,8,January,10,2019,545,26.6
11,VF_VB-2,VB,8,January,10,2019,310,45.1
11,VF_VB-2,VB,8,January,10,2019,400,42.7
11,VF_VB-2,VB,8,January,10,2019,550,38.2
12,VF_SHSS-2,SH,8,January,10,2019,620,37.7
12,VF_SHSS-2,SH,8,January,10,2019,610,38.7
12,VF_SHSS-2,SH,8,January,10,2019,510,34.9
12,VF_SHSS-2,SS,8,January,10,2019,290,16
12,VF_SHSS-2,SS,8,January,10,2019,375,14.7
12,VF_SHSS-2,SS,8,January,10,2019,280,16.2
13,VF_VB-3,VB,8,January,10,2019,530,44.3
13,VF_VB-3,VB,8,January,10,2019,330,30.2
13,VF_VB-3,VB,8,January,10,2019,400,29.5
14,VF_SSVB-3,SS,8,January,10,2019,385,17.3
14,VF_SSVB-3,SS,8,January,10,2019,260,16.7
14,VF_SSVB-3,SS,8,January,10,2019,290,15.2
14,VF_SSVB-3,VB,8,January,10,2019,360,34.4
14,VF_SSVB-3,VB,8,January,10,2019,560,43.6
14,VF_SSVB-3,VB,8,January,10,2019,340,44.7
15,VF_SHVB-3,SH,8,January,10,2019,515,28.6
15,VF_SHVB-3,SH,8,January,10,2019,560,32.1
15,VF_SHVB-3,SH,8,January,10,2019,340,35.8
15,VF_SHVB-3,VB,8,January,10,2019,795,40.5
15,VF_SHVB-3,VB,8,January,10,2019,525,38.8
15,VF_SHVB-3,VB,8,January,10,2019,330,37.2
16,VF_SHSS-3,SH,8,January,10,2019,440,27.3
16,VF_SHSS-3,SH,8,January,10,2019,580,34.2
16,VF_SHSS-3,SH,8,January,10,2019,590,39.5
16,VF_SHSS-3,SS,8,January,10,2019,310,14.4
16,VF_SHSS-3,SS,8,January,10,2019,330,8.6
16,VF_SHSS-3,SS,8,January,10,2019,300,9.3
17,VF_SS-3,SS,8,January,10,2019,250,7.8
17,VF_SS-3,SS,8,January,10,2019,280,9.9
17,VF_SS-3,SS,8,January,10,2019,235,14.5
18,VF_SH-3,SH,8,January,10,2019,610,35
18,VF_SH-3,SH,8,January,10,2019,650,38.1
18,VF_SH-3,SH,8,January,10,2019,670,37.4
19,VF_SH-4,SH,8,January,10,2019,560,28.2
19,VF_SH-4,SH,8,January,10,2019,590,33.2
19,VF_SH-4,SH,8,January,10,2019,480,32.3
20,VF_SS-4,SS,8,January,10,2019,325,21.6
20,VF_SS-4,SS,8,January,10,2019,250,15.2
20,VF_SS-4,SS,8,January,10,2019,190,11.5
21,VF_SHSS-4,SH,8,January,10,2019,510,28.1
21,VF_SHSS-4,SH,8,January,10,2019,545,37.3
21,VF_SHSS-4,SH,8,January,10,2019,470,37.7
21,VF_SHSS-4,SS,8,January,10,2019,320,13.8
21,VF_SHSS-4,SS,8,January,10,2019,340,11.4
21,VF_SHSS-4,SS,8,January,10,2019,300,17.6
22,VF_VB-4,VB,8,January,10,2019,360,43.8
22,VF_VB-4,VB,8,January,10,2019,330,37.3
22,VF_VB-4,VB,8,January,10,2019,270,37.1
23,VF_SHVB-4,SH,8,January,10,2019,640,40
23,VF_SHVB-4,SH,8,January,10,2019,750,39.1
23,VF_SHVB-4,SH,8,January,10,2019,480,34.7
23,VF_SHVB-4,VB,8,January,10,2019,800,37.2
23,VF_SHVB-4,VB,8,January,10,2019,460,39.7
23,VF_SHVB-4,VB,8,January,10,2019,520,39.4
24,VF_SSVB-4,SS,8,January,10,2019,340,16.8
24,VF_SSVB-4,SS,8,January,10,2019,260,18.7
24,VF_SSVB-4,SS,8,January,10,2019,430,14.9
24,VF_SSVB-4,VB,8,January,10,2019,330,34.3
24,VF_SSVB-4,VB,8,January,10,2019,280,36.1
24,VF_SSVB-4,VB,8,January,10,2019,310,37.9
25,VF_SHVB-5,SH,8,January,10,2019,470,37.2
25,VF_SHVB-5,SH,8,January,10,2019,510,29.6
25,VF_SHVB-5,SH,8,January,10,2019,450,27.3
25,VF_SHVB-5,VB,8,January,10,2019,430,44.4
25,VF_SHVB-5,VB,8,January,10,2019,640,38.8
25,VF_SHVB-5,VB,8,January,10,2019,700,42.1
26,VF_SHSS-5,SH,8,January,10,2019,500,30.3
26,VF_SHSS-5,SH,8,January,10,2019,590,33.3
26,VF_SHSS-5,SH,8,January,10,2019,410,38
26,VF_SHSS-5,SS,8,January,10,2019,415,17.8
26,VF_SHSS-5,SS,8,January,10,2019,300,16.3
26,VF_SHSS-5,SS,8,January,10,2019,210,20.2
27,VF_SS-5,SS,8,January,10,2019,180,18.2
27,VF_SS-5,SS,8,January,10,2019,200,14.9
27,VF_SS-5,SS,8,January,10,2019,340,12.3
28,VF_SSVB-5,SS,8,January,10,2019,220,14.1
28,VF_SSVB-5,SS,8,January,10,2019,245,13.2
28,VF_SSVB-5,SS,8,January,10,2019,320,14
28,VF_SSVB-5,VB,8,January,10,2019,425,36.5
28,VF_SSVB-5,VB,8,January,10,2019,550,46.8
28,VF_SSVB-5,VB,8,January,10,2019,575,41.5
29,VF_SH-5,SH,8,January,10,2019,580,38.7
29,VF_SH-5,SH,8,January,10,2019,650,36.5
29,VF_SH-5,SH,8,January,10,2019,525,36
30,VF_VB-5,VB,8,January,10,2019,280,33
30,VF_VB-5,VB,8,January,10,2019,300,32
30,VF_VB-5,VB,8,January,10,2019,190,32.1
31,VF_SSVB-6,SS,8,January,10,2019,360,16.8
31,VF_SSVB-6,SS,8,January,10,2019,310,15.6
31,VF_SSVB-6,SS,8,January,10,2019,325,18
31,VF_SSVB-6,VB,8,January,10,2019,580,43
31,VF_SSVB-6,VB,8,January,10,2019,350,30.9
31,VF_SSVB-6,VB,8,January,10,2019,270,40.7
32,VF_SH-6,SH,8,January,10,2019,430,32.4
32,VF_SH-6,SH,8,January,10,2019,630,27.2
32,VF_SH-6,SH,8,January,10,2019,570,33.7
33,VF_VB-6,VB,8,January,10,2019,480,43.1
33,VF_VB-6,VB,8,January,10,2019,790,43.5
33,VF_VB-6,VB,8,January,10,2019,570,39
34,VF_SS-6,SS,8,January,10,2019,410,16.7
34,VF_SS-6,SS,8,January,10,2019,250,14.3
34,VF_SS-6,SS,8,January,10,2019,210,14.9
35,VF_SHSS-6,SH,8,January,10,2019,600,37.4
35,VF_SHSS-6,SH,8,January,10,2019,370,34.3
35,VF_SHSS-6,SH,8,January,10,2019,470,29
35,VF_SHSS-6,SS,8,January,10,2019,260,17.9
35,VF_SHSS-6,SS,8,January,10,2019,230,19.3
35,VF_SHSS-6,SS,8,January,10,2019,220,10.9
36,VF_SHVB-6,SH,8,January,10,2019,520,42.5
36,VF_SHVB-6,SH,8,January,10,2019,480,30.5
36,VF_SHVB-6,SH,8,January,10,2019,585,30.9
36,VF_SHVB-6,VB,8,January,10,2019,290,45.7
36,VF_SHVB-6,VB,8,January,10,2019,590,36.5
36,VF_SHVB-6,VB,8,January,10,2019,245,34
37,FO_SS-1,SS,8,January,10,2019,385,15.9
37,FO_SS-1,SS,8,January,10,2019,380,20
37,FO_SS-1,SS,8,January,10,2019,345,18.6
38,FO_SHSS-1,SH,8,January,10,2019,760,39.8
38,FO_SHSS-1,SH,8,January,10,2019,645,31.6
38,FO_SHSS-1,SH,8,January,10,2019,405,34.7
38,FO_SHSS-1,SS,8,January,10,2019,320,13.6
38,FO_SHSS-1,SS,8,January,10,2019,490,20.9
38,FO_SHSS-1,SS,8,January,10,2019,420,22.4
39,FO_SHVB-1,SH,8,January,10,2019,680,34.4
39,FO_SHVB-1,SH,8,January,10,2019,650,36.5
39,FO_SHVB-1,SH,8,January,10,2019,520,38.6
39,FO_SHVB-1,VB,8,January,10,2019,620,39.5
39,FO_SHVB-1,VB,8,January,10,2019,450,43.6
39,FO_SHVB-1,VB,8,January,10,2019,515,31.6
40,FO_SSVB-1,SS,8,January,10,2019,520,21.5
40,FO_SSVB-1,SS,8,January,10,2019,690,21.4
40,FO_SSVB-1,SS,8,January,10,2019,360,21.5
40,FO_SSVB-1,VB,8,January,10,2019,330,37.4
40,FO_SSVB-1,VB,8,January,10,2019,530,31.6
40,FO_SSVB-1,VB,8,January,10,2019,480,37
41,FO_SH-1,SH,8,January,10,2019,690,28.3
41,FO_SH-1,SH,8,January,10,2019,745,27.2
41,FO_SH-1,SH,8,January,10,2019,595,32
42,FO_VB-1,VB,8,January,10,2019,500,26
42,FO_VB-1,VB,8,January,10,2019,360,38.2
42,FO_VB-1,VB,8,January,10,2019,460,36.4
43,FO_VB-2,VB,8,January,10,2019,660,36.8
43,FO_VB-2,VB,8,January,10,2019,805,31.7
43,FO_VB-2,VB,8,January,10,2019,735,36.6
44,FO_SSVB-2,SS,8,January,10,2019,340,14.7
44,FO_SSVB-2,SS,8,January,10,2019,460,19
44,FO_SSVB-2,SS,8,January,10,2019,510,16.1
44,FO_SSVB-2,VB,8,January,10,2019,335,38.2
44,FO_SSVB-2,VB,8,January,10,2019,200,38
44,FO_SSVB-2,VB,8,January,10,2019,245,42.5
45,FO_SS-2,SS,8,January,10,2019,380,17.4
45,FO_SS-2,SS,8,January,10,2019,200,17
45,FO_SS-2,SS,8,January,10,2019,245,18.3
46,FO_SH-2,SH,8,January,10,2019,505,37.1
46,FO_SH-2,SH,8,January,10,2019,675,23.1
46,FO_SH-2,SH,8,January,10,2019,650,36.9
47,FO_SHVB-2,SH,8,January,10,2019,740,23.2
47,FO_SHVB-2,SH,8,January,10,2019,760,22.4
47,FO_SHVB-2,SH,8,January,10,2019,470,27.9
47,FO_SHVB-2,VB,8,January,10,2019,580,43.3
47,FO_SHVB-2,VB,8,January,10,2019,1045,36.8
47,FO_SHVB-2,VB,8,January,10,2019,550,30.1
48,FO_SHSS-2,SH,8,January,10,2019,525,32.8
48,FO_SHSS-2,SH,8,January,10,2019,700,25.3
48,FO_SHSS-2,SH,8,January,10,2019,650,35.3
48,FO_SHSS-2,SS,8,January,10,2019,760,16.9
48,FO_SHSS-2,SS,8,January,10,2019,440,22.3
48,FO_SHSS-2,SS,8,January,10,2019,590,19.2
49,FO_SH-3,SH,8,January,10,2019,570,33.7
49,FO_SH-3,SH,8,January,10,2019,480,34.9
49,FO_SH-3,SH,8,January,10,2019,615,33.2
50,FO_SHVB-3,SH,8,January,10,2019,480,29.8
50,FO_SHVB-3,SH,8,January,10,2019,500,35.2
50,FO_SHVB-3,SH,8,January,10,2019,450,38.1
50,FO_SHVB-3,VB,8,January,10,2019,630,35.1
50,FO_SHVB-3,VB,8,January,10,2019,550,30.4
50,FO_SHVB-3,VB,8,January,10,2019,900,42.3
51,FO_VB-3,VB,8,January,10,2019,545,34.2
51,FO_VB-3,VB,8,January,10,2019,480,33
51,FO_VB-3,VB,8,January,10,2019,420,32
52,FO_SHSS-3,SH,8,January,10,2019,530,39.1
52,FO_SHSS-3,SH,8,January,10,2019,640,31.7
52,FO_SHSS-3,SH,8,January,10,2019,625,28.8
52,FO_SHSS-3,SS,8,January,10,2019,540,19.9
52,FO_SHSS-3,SS,8,January,10,2019,380,20.2
52,FO_SHSS-3,SS,8,January,10,2019,250,17.4
53,FO_SS-3,SS,8,January,10,2019,405,18.3
53,FO_SS-3,SS,8,January,10,2019,340,17.7
53,FO_SS-3,SS,8,January,10,2019,440,14.6
54,FO_SSVB-3,SS,8,January,10,2019,500,15.3
54,FO_SSVB-3,SS,8,January,10,2019,410,18.2
54,FO_SSVB-3,SS,8,January,10,2019,570,13.7
54,FO_SSVB-3,VB,8,January,10,2019,600,39.1
54,FO_SSVB-3,VB,8,January,10,2019,780,28.1
54,FO_SSVB-3,VB,8,January,10,2019,440,28.2
55,FO_SHSS-4,SH,8,January,10,2019,550,29.6
55,FO_SHSS-4,SH,8,January,10,2019,740,29
55,FO_SHSS-4,SH,8,January,10,2019,440,33
55,FO_SHSS-4,SS,8,January,10,2019,560,19.3
55,FO_SHSS-4,SS,8,January,10,2019,315,19.8
55,FO_SHSS-4,SS,8,January,10,2019,530,25.4
56,FO_SH-4,SH,8,January,10,2019,510,32.7
56,FO_SH-4,SH,8,January,10,2019,490,30.2
56,FO_SH-4,SH,8,January,10,2019,560,41.4
57,FO_SSVB-4,SS,8,January,10,2019,500,15.3
57,FO_SSVB-4,SS,8,January,10,2019,320,16.8
57,FO_SSVB-4,SS,8,January,10,2019,470,17
57,FO_SSVB-4,VB,8,January,10,2019,780,34.5
57,FO_SSVB-4,VB,8,January,10,2019,520,44.4
57,FO_SSVB-4,VB,8,January,10,2019,340,31.3
58,FO_SS-4,SS,8,January,10,2019,245,20.5
58,FO_SS-4,SS,8,January,10,2019,470,17.8
58,FO_SS-4,SS,8,January,10,2019,320,16.8
59,FO_VB-4,VB,8,January,10,2019,765,39.8
59,FO_VB-4,VB,8,January,10,2019,500,40.5
59,FO_VB-4,VB,8,January,10,2019,760,36.1
60,FO_SHVB-4,SH,8,January,10,2019,710,33.7
60,FO_SHVB-4,SH,8,January,10,2019,430,30.9
60,FO_SHVB-4,SH,8,January,10,2019,620,31.9
60,FO_SHVB-4,VB,8,January,10,2019,800,42.8
60,FO_SHVB-4,VB,8,January,10,2019,830,39.9
60,FO_SHVB-4,VB,8,January,10,2019,435,41.2
61,FO_SHVB-5,SH,8,January,10,2019,560,32.9
61,FO_SHVB-5,SH,8,January,10,2019,525,31.1
61,FO_SHVB-5,SH,8,January,10,2019,590,25.9
61,FO_SHVB-5,VB,8,January,10,2019,525,34.8
61,FO_SHVB-5,VB,8,January,10,2019,750,34.9
61,FO_SHVB-5,VB,8,January,10,2019,445,38.7
62,FO_SS-5,SS,8,January,10,2019,280,12.6
62,FO_SS-5,SS,8,January,10,2019,190,12.2
62,FO_SS-5,SS,8,January,10,2019,260,11.2
63,FO_SHSS-5,SH,8,January,10,2019,570,30
63,FO_SHSS-5,SH,8,January,10,2019,330,34
63,FO_SHSS-5,SH,8,January,10,2019,420,31.2
63,FO_SHSS-5,SS,8,January,10,2019,320,15.7
63,FO_SHSS-5,SS,8,January,10,2019,240,16.9
63,FO_SHSS-5,SS,8,January,10,2019,280,12.3
64,FO_VB-5,VB,8,January,10,2019,800,36.3
64,FO_VB-5,VB,8,January,10,2019,930,34.2
64,FO_VB-5,VB,8,January,10,2019,900,35.3
65,FO_SSVB-5,SS,8,January,10,2019,270,19.2
65,FO_SSVB-5,SS,8,January,10,2019,210,10.8
65,FO_SSVB-5,SS,8,January,10,2019,220,13.6
65,FO_SSVB-5,VB,8,January,10,2019,415,41.8
65,FO_SSVB-5,VB,8,January,10,2019,665,36.8
65,FO_SSVB-5,VB,8,January,10,2019,270,32.8
66,FO_SH-5,SH,8,January,10,2019,455,28.2
66,FO_SH-5,SH,8,January,10,2019,500,25.5
66,FO_SH-5,SH,8,January,10,2019,440,21.9
67,FO_SSVB-6,SS,8,January,10,2019,310,14.8
67,FO_SSVB-6,SS,8,January,10,2019,490,16.4
67,FO_SSVB-6,SS,8,January,10,2019,540,18.2
67,FO_SSVB-6,VB,8,January,10,2019,780,42.9
67,FO_SSVB-6,VB,8,January,10,2019,545,39.7
67,FO_SSVB-6,VB,8,January,10,2019,895,41.6
68,FO_VB-6,VB,8,January,10,2019,715,39.7
68,FO_VB-6,VB,8,January,10,2019,330,39
68,FO_VB-6,VB,8,January,10,2019,580,38.6
69,FO_SH-6,SH,8,January,10,2019,510,38.4
69,FO_SH-6,SH,8,January,10,2019,390,31.8
69,FO_SH-6,SH,8,January,10,2019,420,31.5
70,FO_SHVB-6,SH,8,January,10,2019,490,37.4
70,FO_SHVB-6,SH,8,January,10,2019,510,22.2
70,FO_SHVB-6,SH,8,January,10,2019,380,40.4
70,FO_SHVB-6,VB,8,January,10,2019,850,42.1
70,FO_SHVB-6,VB,8,January,10,2019,350,40.7
70,FO_SHVB-6,VB,8,January,10,2019,770,42.2
71,FO_SHSS-6,SH,8,January,10,2019,640,33.6
71,FO_SHSS-6,SH,8,January,10,2019,575,34.1
71,FO_SHSS-6,SH,8,January,10,2019,335,35.3
71,FO_SHSS-6,SS,8,January,10,2019,310,18.3
71,FO_SHSS-6,SS,8,January,10,2019,470,24.4
71,FO_SHSS-6,SS,8,January,10,2019,300,18.3
72,FO_SS-6,SS,8,January,10,2019,480,12
72,FO_SS-6,SS,8,January,10,2019,315,15.3
72,FO_SS-6,SS,8,January,10,2019,340,18
73,HH_SH-1,SH,8,January,10,2019,465,28.2
73,HH_SH-1,SH,8,January,10,2019,720,37.4
73,HH_SH-1,SH,8,January,10,2019,660,38.3
74,HH_SSVB-1,SS,8,January,10,2019,1135,32.8
74,HH_SSVB-1,SS,8,January,10,2019,650,36
74,HH_SSVB-1,SS,8,January,10,2019,800,34
74,HH_SSVB-1,VB,8,January,10,2019,930,39.3
74,HH_SSVB-1,VB,8,January,10,2019,765,40.9
74,HH_SSVB-1,VB,8,January,10,2019,860,42.1
75,HH_SHVB-1,SH,8,January,10,2019,750,38.6
75,HH_SHVB-1,SH,8,January,10,2019,870,33.2
75,HH_SHVB-1,SH,8,January,10,2019,470,31.7
75,HH_SHVB-1,VB,8,January,10,2019,450,42.6
75,HH_SHVB-1,VB,8,January,10,2019,650,39
75,HH_SHVB-1,VB,8,January,10,2019,360,40.2
76,HH_SHSS-1,SH,8,January,10,2019,500,36
76,HH_SHSS-1,SH,8,January,10,2019,530,36.1
76,HH_SHSS-1,SH,8,January,10,2019,780,29.6
76,HH_SHSS-1,SS,8,January,10,2019,940,30.3
76,HH_SHSS-1,SS,8,January,10,2019,1015,33.1
76,HH_SHSS-1,SS,8,January,10,2019,800,30.7
77,HH_VB-1,VB,8,January,10,2019,685,42.8
77,HH_VB-1,VB,8,January,10,2019,500,48.7
77,HH_VB-1,VB,8,January,10,2019,860,40
78,HH_SS-1,SS,8,January,10,2019,920,28.4
78,HH_SS-1,SS,8,January,10,2019,630,36.5
78,HH_SS-1,SS,8,January,10,2019,1290,32.1
79,HH_VB-2,VB,8,January,10,2019,620,32.4
79,HH_VB-2,VB,8,January,10,2019,250,38.6
79,HH_VB-2,VB,8,January,10,2019,750,41.8
80,HH_SHSS-2,SH,8,January,10,2019,650,33.3
80,HH_SHSS-2,SH,8,January,10,2019,580,32.3
80,HH_SHSS-2,SH,8,January,10,2019,675,27.8
80,HH_SHSS-2,SS,8,January,10,2019,960,32.9
80,HH_SHSS-2,SS,8,January,10,2019,1060,37.5
80,HH_SHSS-2,SS,8,January,10,2019,610,36.1
81,HH_SS-2,SS,8,January,10,2019,1180,30
81,HH_SS-2,SS,8,January,10,2019,680,28
81,HH_SS-2,SS,8,January,10,2019,1110,31
82,HH_SH-2,SH,8,January,10,2019,510,35.2
82,HH_SH-2,SH,8,January,10,2019,580,28
82,HH_SH-2,SH,8,January,10,2019,430,42.8
83,HH_SHVB-2,SH,8,January,10,2019,705,38
83,HH_SHVB-2,SH,8,January,10,2019,520,33.9
83,HH_SHVB-2,SH,8,January,10,2019,460,41.2
83,HH_SHVB-2,VB,8,January,10,2019,1015,41.1
83,HH_SHVB-2,VB,8,January,10,2019,870,45
83,HH_SHVB-2,VB,8,January,10,2019,460,41.8
84,HH_SSVB-2,SS,8,January,10,2019,1250,39
84,HH_SSVB-2,SS,8,January,10,2019,885,34.3
84,HH_SSVB-2,SS,8,January,10,2019,920,32.8
84,HH_SSVB-2,VB,8,January,10,2019,905,37.5
84,HH_SSVB-2,VB,8,January,10,2019,760,41.4
84,HH_SSVB-2,VB,8,January,10,2019,560,36.5
85,HH_SHSS-3,SH,8,January,10,2019,620,29.9
85,HH_SHSS-3,SH,8,January,10,2019,560,26.9
85,HH_SHSS-3,SH,8,January,10,2019,720,28.8
85,HH_SHSS-3,SS,8,January,10,2019,1030,30.9
85,HH_SHSS-3,SS,8,January,10,2019,925,30.3
85,HH_SHSS-3,SS,8,January,10,2019,810,32.8
86,HH_SHVB-3,SH,8,January,10,2019,515,37.7
86,HH_SHVB-3,SH,8,January,10,2019,785,31.2
86,HH_SHVB-3,SH,8,January,10,2019,490,38.7
86,HH_SHVB-3,VB,8,January,10,2019,730,43.1
86,HH_SHVB-3,VB,8,January,10,2019,860,35.8
86,HH_SHVB-3,VB,8,January,10,2019,1060,41.7
87,HH_SSVB-3,SS,8,January,10,2019,1180,37.3
87,HH_SSVB-3,SS,8,January,10,2019,950,29.8
87,HH_SSVB-3,SS,8,January,10,2019,830,32.6
87,HH_SSVB-3,VB,8,January,10,2019,720,40.8
87,HH_SSVB-3,VB,8,January,10,2019,905,42.6
87,HH_SSVB-3,VB,8,January,10,2019,760,37
88,HH_VB-3,VB,8,January,10,2019,795,42.8
88,HH_VB-3,VB,8,January,10,2019,580,39.1
88,HH_VB-3,VB,8,January,10,2019,865,41.5
89,HH_SS-3,SS,8,January,10,2019,1240,34.9
89,HH_SS-3,SS,8,January,10,2019,880,26.1
89,HH_SS-3,SS,8,January,10,2019,1030,32.7
90,HH_SH-3,SH,8,January,10,2019,670,39.7
90,HH_SH-3,SH,8,January,10,2019,320,36.8
90,HH_SH-3,SH,8,January,10,2019,460,41.2
91,HH_SS-4,SS,8,January,10,2019,550,28.8
91,HH_SS-4,SS,8,January,10,2019,920,33.7
91,HH_SS-4,SS,8,January,10,2019,765,34.6
92,HH_SH-4,SH,8,January,10,2019,640,38.2
92,HH_SH-4,SH,8,January,10,2019,570,31.1
92,HH_SH-4,SH,8,January,10,2019,490,37.8
93,HH_VB-4,VB,8,January,10,2019,540,30.5
93,HH_VB-4,VB,8,January,10,2019,750,36.2
93,HH_VB-4,VB,8,January,10,2019,500,39.9
94,HH_SHVB-4,SH,8,January,10,2019,650,34.4
94,HH_SHVB-4,SH,8,January,10,2019,560,30.1
94,HH_SHVB-4,SH,8,January,10,2019,590,38.9
94,HH_SHVB-4,VB,8,January,10,2019,610,36.5
94,HH_SHVB-4,VB,8,January,10,2019,830,35.8
94,HH_SHVB-4,VB,8,January,10,2019,990,41.1
95,HH_SSVB-4,SS,8,January,10,2019,1360,36.5
95,HH_SSVB-4,SS,8,January,10,2019,960,31
95,HH_SSVB-4,SS,8,January,10,2019,1000,33.1
95,HH_SSVB-4,VB,8,January,10,2019,505,34.5
95,HH_SSVB-4,VB,8,January,10,2019,1160,41.7
95,HH_SSVB-4,VB,8,January,10,2019,565,41.9
96,HH_SHSS-4,SH,8,January,10,2019,530,33.5
96,HH_SHSS-4,SH,8,January,10,2019,470,39.4
96,HH_SHSS-4,SH,8,January,10,2019,470,41.9
96,HH_SHSS-4,SS,8,January,10,2019,700,34.9
96,HH_SHSS-4,SS,8,January,10,2019,900,28.5
96,HH_SHSS-4,SS,8,January,10,2019,880,33.9
97,HH_SSVB-5,SS,8,January,10,2019,730,26.6
97,HH_SSVB-5,SS,8,January,10,2019,660,28.8
97,HH_SSVB-5,SS,8,January,10,2019,820,32.6
97,HH_SSVB-5,VB,8,January,10,2019,850,33.2
97,HH_SSVB-5,VB,8,January,10,2019,590,40
97,HH_SSVB-5,VB,8,January,10,2019,720,37
98,HH_VB-5,VB,8,January,10,2019,710,42.1
98,HH_VB-5,VB,8,January,10,2019,500,39.8
98,HH_VB-5,VB,8,January,10,2019,430,38.3
99,HH_SHSS-5,SH,8,January,10,2019,400,35.6
99,HH_SHSS-5,SH,8,January,10,2019,520,37.9
99,HH_SHSS-5,SH,8,January,10,2019,470,29.2
99,HH_SHSS-5,SS,8,January,10,2019,640,35.3
99,HH_SHSS-5,SS,8,January,10,2019,850,35.5
99,HH_SHSS-5,SS,8,January,10,2019,750,32.7
100,HH_SS-5,SS,8,January,10,2019,1150,31.5
100,HH_SS-5,SS,8,January,10,2019,770,39.5
100,HH_SS-5,SS,8,January,10,2019,790,29.3
101,HH_SH-5,SH,8,January,10,2019,475,43.9
101,HH_SH-5,SH,8,January,10,2019,350,39.5
101,HH_SH-5,SH,8,January,10,2019,265,40
102,HH_SHVB-5,SH,8,January,10,2019,350,16.8
102,HH_SHVB-5,SH,8,January,10,2019,420,32.7
102,HH_SHVB-5,SH,8,January,10,2019,400,40.2
102,HH_SHVB-5,VB,8,January,10,2019,480,41.9
102,HH_SHVB-5,VB,8,January,10,2019,440,37.9
102,HH_SHVB-5,VB,8,January,10,2019,495,32
103,HH_SHVB-6,SH,8,January,10,2019,530,30.1
103,HH_SHVB-6,SH,8,January,10,2019,500,24.2
103,HH_SHVB-6,SH,8,January,10,2019,400,23.8
103,HH_SHVB-6,VB,8,January,10,2019,480,36
103,HH_SHVB-6,VB,8,January,10,2019,630,38
103,HH_SHVB-6,VB,8,January,10,2019,610,34
104,HH_SS-6,SS,8,January,10,2019,360,31.7
104,HH_SS-6,SS,8,January,10,2019,650,17.6
104,HH_SS-6,SS,8,January,10,2019,510,34.2
105,HH_SH-6,SH,8,January,10,2019,320,26.1
105,HH_SH-6,SH,8,January,10,2019,370,38.1
105,HH_SH-6,SH,8,January,10,2019,405,29.7
106,HH_SSVB-6,SS,8,January,10,2019,665,32.5
106,HH_SSVB-6,SS,8,January,10,2019,625,36
106,HH_SSVB-6,SS,8,January,10,2019,805,33.3
106,HH_SSVB-6,VB,8,January,10,2019,740,35
106,HH_SSVB-6,VB,8,January,10,2019,1030,34.1
106,HH_SSVB-6,VB,8,January,10,2019,755,34.4
107,HH_SHSS-6,SH,8,January,10,2019,330,31
107,HH_SHSS-6,SH,8,January,10,2019,465,26.4
107,HH_SHSS-6,SH,8,January,10,2019,355,20
107,HH_SHSS-6,SS,8,January,10,2019,740,36.1
107,HH_SHSS-6,SS,8,January,10,2019,690,33.5
107,HH_SHSS-6,SS,8,January,10,2019,510,31.4
108,HH_VB-6,VB,8,January,10,2019,480,37.5
108,HH_VB-6,VB,8,January,10,2019,770,39.7
108,HH_VB-6,VB,8,January,10,2019,520,39.5
109,OC_SHSS-1,SH,8,January,10,2019,800,37.4
109,OC_SHSS-1,SH,8,January,10,2019,720,39.6
109,OC_SHSS-1,SH,8,January,10,2019,870,40.6
109,OC_SHSS-1,SS,8,January,10,2019,1110,44.7
109,OC_SHSS-1,SS,8,January,10,2019,1520,40.9
109,OC_SHSS-1,SS,8,January,10,2019,1190,37.1
110,OC_SS-1,SS,8,January,10,2019,1480,36
110,OC_SS-1,SS,8,January,10,2019,1360,36.5
110,OC_SS-1,SS,8,January,10,2019,1360,45.6
111,OC_SH-1,SH,8,January,10,2019,840,36.8
111,OC_SH-1,SH,8,January,10,2019,780,36.8
111,OC_SH-1,SH,8,January,10,2019,800,36.5
112,OC_SSVB-1,SS,8,January,10,2019,1920,36.4
112,OC_SSVB-1,SS,8,January,10,2019,1430,41.4
112,OC_SSVB-1,SS,8,January,10,2019,1220,37.8
112,OC_SSVB-1,VB,8,January,10,2019,1560,37.6
112,OC_SSVB-1,VB,8,January,10,2019,1060,28.2
112,OC_SSVB-1,VB,8,January,10,2019,570,36.2
113,OC_VB-1,VB,8,January,10,2019,980,33.8
113,OC_VB-1,VB,8,January,10,2019,1100,31.9
113,OC_VB-1,VB,8,January,10,2019,520,35.2
114,OC_SHVB-1,SH,8,January,10,2019,830,35.9
114,OC_SHVB-1,SH,8,January,10,2019,620,38.8
114,OC_SHVB-1,SH,8,January,10,2019,790,37.7
114,OC_SHVB-1,VB,8,January,10,2019,740,32.7
114,OC_SHVB-1,VB,8,January,10,2019,570,36
114,OC_SHVB-1,VB,8,January,10,2019,655,41
115,OC_SHVB-2,SH,8,January,10,2019,690,36.2
115,OC_SHVB-2,SH,8,January,10,2019,690,37.3
115,OC_SHVB-2,SH,8,January,10,2019,745,43
115,OC_SHVB-2,VB,8,January,10,2019,690,37.7
115,OC_SHVB-2,VB,8,January,10,2019,935,40.8
115,OC_SHVB-2,VB,8,January,10,2019,600,36
116,OC_VB-2,VB,8,January,10,2019,615,35.1
116,OC_VB-2,VB,8,January,10,2019,430,44.6
116,OC_VB-2,VB,8,January,10,2019,610,36.1
117,OC_SHSS-2,SH,8,January,10,2019,885,32.9
117,OC_SHSS-2,SH,8,January,10,2019,740,32.4
117,OC_SHSS-2,SH,8,January,10,2019,820,38.3
117,OC_SHSS-2,SS,8,January,10,2019,1490,35.6
117,OC_SHSS-2,SS,8,January,10,2019,1000,32.8
117,OC_SHSS-2,SS,8,January,10,2019,1800,36.1
118,OC_SS-2,SS,8,January,10,2019,1380,31
118,OC_SS-2,SS,8,January,10,2019,1720,25.7
118,OC_SS-2,SS,8,January,10,2019,1490,37.5
119,OC_SSVB-2,SS,8,January,10,2019,1650,36.5
119,OC_SSVB-2,SS,8,January,10,2019,1710,42.9
119,OC_SSVB-2,SS,8,January,10,2019,1230,32.4
119,OC_SSVB-2,VB,8,January,10,2019,970,37.8
119,OC_SSVB-2,VB,8,January,10,2019,700,38
119,OC_SSVB-2,VB,8,January,10,2019,730,35.3
120,OC_SH-2,SH,8,January,10,2019,760,40.6
120,OC_SH-2,SH,8,January,10,2019,790,30.9
120,OC_SH-2,SH,8,January,10,2019,700,42.3
121,OC_SSVB-3,SS,8,January,10,2019,1110,39.1
121,OC_SSVB-3,SS,8,January,10,2019,800,37.7
121,OC_SSVB-3,SS,8,January,10,2019,1590,44.3
121,OC_SSVB-3,VB,8,January,10,2019,1140,32.7
121,OC_SSVB-3,VB,8,January,10,2019,1155,37.3
121,OC_SSVB-3,VB,8,January,10,2019,740,32.3
122,OC_SH-3,SH,8,January,10,2019,590,33.4
122,OC_SH-3,SH,8,January,10,2019,510,35
122,OC_SH-3,SH,8,January,10,2019,755,34.3
123,OC_VB-3,VB,8,January,10,2019,1220,39
123,OC_VB-3,VB,8,January,10,2019,1140,41.7
123,OC_VB-3,VB,8,January,10,2019,1040,33
124,OC_SHVB-3,SH,8,January,10,2019,570,44.5
124,OC_SHVB-3,SH,8,January,10,2019,730,38.1
124,OC_SHVB-3,SH,8,January,10,2019,770,40.4
124,OC_SHVB-3,VB,8,January,10,2019,795,38.8
124,OC_SHVB-3,VB,8,January,10,2019,840,37.1
124,OC_SHVB-3,VB,8,January,10,2019,1005,40.6
125,OC_SHSS-3,SH,8,January,10,2019,830,41.9
125,OC_SHSS-3,SH,8,January,10,2019,695,37.8
125,OC_SHSS-3,SH,8,January,10,2019,770,43.1
125,OC_SHSS-3,SS,8,January,10,2019,1000,34.2
125,OC_SHSS-3,SS,8,January,10,2019,1670,38.7
125,OC_SHSS-3,SS,8,January,10,2019,1250,32.8
126,OC_SS-3,SS,8,January,10,2019,1260,32.2
126,OC_SS-3,SS,8,January,10,2019,1310,24.9
126,OC_SS-3,SS,8,January,10,2019,1120,32
127,OC_SH-4,SH,8,January,10,2019,690,37.1
127,OC_SH-4,SH,8,January,10,2019,620,36.1
127,OC_SH-4,SH,8,January,10,2019,540,37.9
128,OC_SSVB-4,SS,8,January,10,2019,1600,39.2
128,OC_SSVB-4,SS,8,January,10,2019,1270,35.4
128,OC_SSVB-4,SS,8,January,10,2019,1460,24.8
128,OC_SSVB-4,VB,8,January,10,2019,810,29.7
128,OC_SSVB-4,VB,8,January,10,2019,860,33.1
128,OC_SSVB-4,VB,8,January,10,2019,1210,42.2
129,OC_SS-4,SS,8,January,10,2019,1530,33.4
129,OC_SS-4,SS,8,January,10,2019,1320,26.5
129,OC_SS-4,SS,8,January,10,2019,1000,21.6
130,OC_VB-4,VB,8,January,10,2019,810,40.6
130,OC_VB-4,VB,8,January,10,2019,510,37.1
130,OC_VB-4,VB,8,January,10,2019,590,33.2
131,OC_SHVB-4,SH,8,January,10,2019,785,34.8
131,OC_SHVB-4,SH,8,January,10,2019,845,40.6
131,OC_SHVB-4,SH,8,January,10,2019,630,34.6
131,OC_SHVB-4,VB,8,January,10,2019,905,32.4
131,OC_SHVB-4,VB,8,January,10,2019,480,36.2
131,OC_SHVB-4,VB,8,January,10,2019,945,33.7
132,OC_SHSS-4,SH,8,January,10,2019,840,36
132,OC_SHSS-4,SH,8,January,10,2019,960,37.4
132,OC_SHSS-4,SH,8,January,10,2019,800,41.2
132,OC_SHSS-4,SS,8,January,10,2019,1470,37.8
132,OC_SHSS-4,SS,8,January,10,2019,1760,36.8
132,OC_SHSS-4,SS,8,January,10,2019,1110,33
133,OC_VB-5,VB,8,January,10,2019,565,34.2
133,OC_VB-5,VB,8,January,10,2019,700,30.4
133,OC_VB-5,VB,8,January,10,2019,790,33.5
134,OC_SHSS-5,SH,8,January,10,2019,620,30.4
134,OC_SHSS-5,SH,8,January,10,2019,695,26.6
134,OC_SHSS-5,SH,8,January,10,2019,660,26.7
134,OC_SHSS-5,SS,8,January,10,2019,1060,27
134,OC_SHSS-5,SS,8,January,10,2019,720,33.7
134,OC_SHSS-5,SS,8,January,10,2019,1180,35.6
135,OC_SHVB-5,SH,8,January,10,2019,590,29.5
135,OC_SHVB-5,SH,8,January,10,2019,695,44.1
135,OC_SHVB-5,SH,8,January,10,2019,630,34.7
135,OC_SHVB-5,VB,8,January,10,2019,1790,38.9
135,OC_SHVB-5,VB,8,January,10,2019,500,33
135,OC_SHVB-5,VB,8,January,10,2019,520,30.1
136,OC_SH-5,SH,8,January,10,2019,640,29.8
136,OC_SH-5,SH,8,January,10,2019,550,37.3
136,OC_SH-5,SH,8,January,10,2019,400,28
137,OC_SS-5,SS,8,January,10,2019,1150,39.4
137,OC_SS-5,SS,8,January,10,2019,1410,37.8
137,OC_SS-5,SS,8,January,10,2019,1190,32.8
138,OC_SSVB-5,SS,8,January,10,2019,1330,39.5
138,OC_SSVB-5,SS,8,January,10,2019,940,36.7
138,OC_SSVB-5,SS,8,January,10,2019,1550,36
138,OC_SSVB-5,VB,8,January,10,2019,945,26.5
138,OC_SSVB-5,VB,8,January,10,2019,1000,26.2
138,OC_SSVB-5,VB,8,January,10,2019,785,36.3
139,OC_SS-6,SS,8,January,10,2019,885,33.4
139,OC_SS-6,SS,8,January,10,2019,990,28.4
139,OC_SS-6,SS,8,January,10,2019,1320,31.1
140,OC_SHVB-6,SH,8,January,10,2019,535,35.8
140,OC_SHVB-6,SH,8,January,10,2019,585,39.9
140,OC_SHVB-6,SH,8,January,10,2019,640,32.7
140,OC_SHVB-6,VB,8,January,10,2019,360,41.8
140,OC_SHVB-6,VB,8,January,10,2019,960,31.5
140,OC_SHVB-6,VB,8,January,10,2019,785,33.5
141,OC_SSVB-6,SS,8,January,10,2019,645,32.5
141,OC_SSVB-6,SS,8,January,10,2019,755,31
141,OC_SSVB-6,SS,8,January,10,2019,910,36.7
141,OC_SSVB-6,VB,8,January,10,2019,755,35.5
141,OC_SSVB-6,VB,8,January,10,2019,650,35.6
141,OC_SSVB-6,VB,8,January,10,2019,1000,36.2
142,OC_SHSS-6,SH,8,January,10,2019,530,35.2
142,OC_SHSS-6,SH,8,January,10,2019,555,39
142,OC_SHSS-6,SH,8,January,10,2019,750,34.2
142,OC_SHSS-6,SS,8,January,10,2019,750,36
142,OC_SHSS-6,SS,8,January,10,2019,690,36.8
142,OC_SHSS-6,SS,8,January,10,2019,890,33.4
143,OC_SH-6,SH,8,January,10,2019,570,36.4
143,OC_SH-6,SH,8,January,10,2019,465,32.5
143,OC_SH-6,SH,8,January,10,2019,715,38
144,OC_VB-6,VB,8,January,10,2019,570,40
144,OC_VB-6,VB,8,January,10,2019,670,37.6
144,OC_VB-6,VB,8,January,10,2019,630,36.4